"data_kubun","info_num","category_cd_0","category_nm_0","category_cd_1","category_nm_1","category_cd_2","category_nm_2","publish_time","follow_up_num","limit_time","level","area_kubun","area_level_nm","info_kubun","title","short_statement","long_statement","area_level","area_cd_0","area_nm_0","area_cd_1","area_nm_1","area_cd_2","area_nm_2","area_cd_3","area_nm_3","area_cd_4","area_nm_4","area_cd_5","area_nm_5","attribute_1","attribute_2","reserve1","reserve2","reserve3","reserve4","reserve5","delete_flg","insert_datetime","insert_user_id","insert_business_id","update_datetime","update_user_id","update_business_id","update_count"
data,"00000009667109","0002",交通,"00020001",鉄道情報,"000200010099",その他,"2025-09-25 05:00:00","00000017407586",,"2","04","",N,くま川鉄道線 長期運転見合わせ,"2020年7月豪雨災害の影響で、人吉温泉～肥後西村駅間の運転を見合わせています。代行輸送を行っています(※休日除く)。","2020年7月豪雨災害の影響で、人吉温泉～肥後西村駅間の運転を見合わせています。代行輸送を行っています(※休日除く)。","2","1",日本,"07",九州,"0615",くま川鉄道,"0615",くま川鉄道線,"0","","0","",,,"20250925050055",,,,,0,"2024-10-01 05:01:33",RTM512,RTM512,"2025-09-25 05:01:48",RTM512,RTM512,360
data,"00000009668897","0002",交通,"00020001",鉄道情報,"000200010099",その他,"2025-09-25 05:00:00","00000017407581",,"2","04","",N,肥薩線 長期運転見合わせ,"2020年7月豪雨災害の影響で、八代～吉松駅間の運転を見合わせています。","2020年7月豪雨災害の影響で、八代～吉松駅間の運転を見合わせています。","2","1",日本,"07",九州,"0386",JR九州,"0531",肥薩線,"0","","0","",,,"20250925050048",,,,,0,"2024-10-01 05:00:34",RTM512,RTM512,"2025-09-25 05:01:47",RTM512,RTM512,359
data,"00000012423047","0002",交通,"00020001",鉄道情報,"000200010099",その他,"2025-09-25 05:00:00","00000017407571",,"2","04","",N,陸羽西線 長期運転見合わせ,古口～高屋駅間での道路工事の影響で、運転を見合わせています。代行輸送を行っています。,古口～高屋駅間での道路工事の影響で、運転を見合わせています。代行輸送を行っています。,"2","1",日本,"03",東北,"0001",JR東日本,"0461",陸羽西線,"0","","0","",,,"20250925050029",,,,,0,"2024-10-01 05:00:33",RTM512,RTM512,"2025-09-25 05:00:49",RTM512,RTM512,361
data,"00000012766954","0002",交通,"00020001",鉄道情報,"000200010099",その他,"2025-09-25 05:00:00","00000017407569",,"2","04","",N,米坂線 長期運転見合わせ,大雨災害の影響で、今泉～坂町駅間の運転を見合わせています。運転区間は臨時ダイヤでの運転となっています。代行輸送を行っています。,大雨災害の影響で、今泉～坂町駅間の運転を見合わせています。運転区間は臨時ダイヤでの運転となっています。代行輸送を行っています。,"2","1",日本,"03",東北,"0001",JR東日本,"0458",米坂線,"0","","0","",,,"20250925050026",,,,,0,"2024-10-01 05:00:33",RTM512,RTM512,"2025-09-25 05:00:48",RTM512,RTM512,359
data,"00000012767596","0002",交通,"00020001",鉄道情報,"000200010099",その他,"2025-09-25 05:00:00","00000017407572",,"2","04","",N,津軽線 長期運転見合わせ,大雨災害の影響で、蟹田～三厩駅間の運転を見合わせています。代行輸送を行っています。,大雨災害の影響で、蟹田～三厩駅間の運転を見合わせています。代行輸送を行っています。,"2","1",日本,"03",東北,"0001",JR東日本,"0467",津軽線,"0","","0","",,,"20250925050030",,,,,0,"2024-10-01 05:00:33",RTM512,RTM512,"2025-09-25 05:00:49",RTM512,RTM512,360
data,"00000013932210","0002",交通,"00020001",鉄道情報,"000200010099",その他,"2025-09-25 05:00:00","00000017407563",,"2","04","",N,美祢線 長期運転見合わせ,大雨災害の影響で、運転を見合わせています。代行輸送を行っています。,大雨災害の影響で、運転を見合わせています。代行輸送を行っています。,"2","1",日本,"08",中国,"0008",JR西日本,"0508",美祢線,"0","","0","",,,"20250925050015",,,,,0,"2024-10-01 05:00:34",RTM512,RTM512,"2025-09-25 05:00:47",RTM512,RTM512,359
data,"00000013939439","0002",交通,"00020001",鉄道情報,"000200010099",その他,"2025-09-25 05:00:00","00000017407564",,"2","04","",N,山陰本線[益田～下関] 長期運転見合わせ,大雨災害の影響で、人丸～滝部駅間の運転を見合わせています。運転区間の一部列車に運休が出ています。代行輸送を行っています。9月27日に運転を再開する見込みです。,大雨災害の影響で、人丸～滝部駅間の運転を見合わせています。運転区間の一部列車に運休が出ています。代行輸送を行っています。9月27日に運転を再開する見込みです。,"2","1",日本,"08",中国,"0008",JR西日本,"0331",山陰本線[鳥取～下関],"0422",山陰本線[益田～下関],"0","",,,"20250925050017",,,,,0,"2024-10-01 05:00:34",RTM512,RTM512,"2025-09-25 05:00:48",RTM512,RTM512,363
data,"00000015375564","0002",交通,"00020001",鉄道情報,"000200010099",その他,"2025-09-25 05:00:00","00000017407570",,"2","04","",N,陸羽東線 長期運転見合わせ,大雨災害の影響で、鳴子温泉～新庄駅間の運転を見合わせています。代行輸送を行っています。,大雨災害の影響で、鳴子温泉～新庄駅間の運転を見合わせています。代行輸送を行っています。,"2","1",日本,"03",東北,"0001",JR東日本,"0460",陸羽東線,"0","","0","",,,"20250925050027",,,,,0,"2024-10-01 05:00:34",RTM512,RTM512,"2025-09-25 05:00:49",RTM512,RTM512,360
data,"00000015740866","0002",交通,"00020001",鉄道情報,"000200010099",その他,"2025-09-25 05:00:00","00000017407579",,"2","04","",N,いすみ鉄道線 長期運転見合わせ,国吉～上総中川駅間での脱線事故の影響で、運転を見合わせています。代行輸送を行っています。,国吉～上総中川駅間での脱線事故の影響で、運転を見合わせています。代行輸送を行っています。,"2","1",日本,"04",関東,"0150",いすみ鉄道,"0150",いすみ鉄道線,"0","","0","",,,"20250925050045",,,,,0,"2024-10-04 18:02:33",RTM512,RTM512,"2025-09-25 05:00:50",RTM512,RTM512,359
data,"00000016239512","0002",交通,"00020001",鉄道情報,"000200010099",その他,"2025-09-25 05:00:00","00000017407576",,"3","04","",N,肥薩おれんじ鉄道線 長期ダイヤ変更,乗務員不足の影響で、一部列車に運休が出ています。,乗務員不足の影響で、一部列車に運休が出ています。,"3","1",日本,"07",九州,"0613",肥薩おれんじ鉄道,"0613",肥薩おれんじ鉄道線,"0","","0","",,,"20250925050040",,,,,0,"2025-01-31 15:00:46",RTM512,RTM512,"2025-09-25 05:00:50",RTM512,RTM512,237
data,"00000016534607","0002",交通,"00020001",鉄道情報,"000200010099",その他,"2025-09-25 05:00:00","00000017407573",,"3","04","",N,山形鉄道フラワー長井線 長期ダイヤ変更,乗務員不足の影響で、一部列車に運休や運転変更が出ています。,乗務員不足の影響で、一部列車に運休や運転変更が出ています。,"3","1",日本,"03",東北,"0551",山形鉄道,"0551",山形鉄道フラワー長井線,"0","","0","",,,"20250925050033",,,,,0,"2025-03-31 15:00:46",RTM512,RTM512,"2025-09-25 05:00:49",RTM512,RTM512,177
data,"00000016536980","0002",交通,"00020001",鉄道情報,"000200010099",その他,"2025-09-25 05:00:00","00000017407575",,"2","04","",N,大井川鉄道大井川本線 長期運転見合わせ,"2022年台風15号災害の影響で、川根温泉笹間渡～千頭駅間の運転を見合わせています。","2022年台風15号災害の影響で、川根温泉笹間渡～千頭駅間の運転を見合わせています。","2","1",日本,"05",中部,"0247",大井川鐵道,"0247",大井川鉄道大井川本線,"0","","0","",,,"20250925050037",,,,,0,"2025-04-01 05:00:49",RTM512,RTM512,"2025-09-25 05:00:49",RTM512,RTM512,176
data,"00000017152771","0002",交通,"00020001",鉄道情報,"000200010099",その他,"2025-09-25 05:00:00","00000017407580",,"2","04","",N,肥薩線 長期運転見合わせ,大雨災害の影響で、吉松～隼人駅間の運転を見合わせています。代行輸送を行っています(※平日のみ)。,大雨災害の影響で、吉松～隼人駅間の運転を見合わせています。代行輸送を行っています(※平日のみ)。,"2","1",日本,"07",九州,"0386",JR九州,"0531",肥薩線,"0","","0","",,,"20250925050046",,,,,0,"2025-08-09 17:30:47",RTM512,RTM512,"2025-09-25 05:01:46",RTM512,RTM512,47
data,"00000017178327","0002",交通,"00020001",鉄道情報,"000200010099",その他,"2025-09-25 05:00:00","00000017407577",,"2","04","",N,肥薩おれんじ鉄道線 長期運転見合わせ,大雨災害の影響で、八代～日奈久温泉駅間の運転を見合わせています。運転区間の一部列車に運休が出ています。代行輸送を行っています。9月27日に運転を再開する見込みです。,大雨災害の影響で、八代～日奈久温泉駅間の運転を見合わせています。運転区間の一部列車に運休が出ています。代行輸送を行っています。9月27日に運転を再開する見込みです。,"2","1",日本,"07",九州,"0613",肥薩おれんじ鉄道,"0613",肥薩おれんじ鉄道線,"0","","0","",,,"20250925050042",,,,,0,"2025-08-12 19:39:46",RTM512,RTM512,"2025-09-25 05:00:50",RTM512,RTM512,46
data,"00000017230666","0002",交通,"00020001",鉄道情報,"000200010099",その他,"2025-09-25 05:00:00","00000017407578",,"2","04","",N,秋田内陸線 長期運転見合わせ,大雨災害の影響で、上桧木内～角館駅間の運転を見合わせています。運転区間の一部列車に運休が出ています。代行輸送を行っています。,大雨災害の影響で、上桧木内～角館駅間の運転を見合わせています。運転区間の一部列車に運休が出ています。代行輸送を行っています。,"2","1",日本,"03",東北,"0556",秋田内陸縦貫鉄道,"0556",秋田内陸線,"0","","0","",,,"20250925050044",,,,,0,"2025-08-22 15:00:46",RTM512,RTM512,"2025-09-25 05:00:50",RTM512,RTM512,39
data,"00000017230922","0002",交通,"00020001",鉄道情報,"000200010099",その他,"2025-09-25 05:00:00","00000017407568",,"2","04","",N,花輪線 長期運転見合わせ,大雨災害の影響で、鹿角花輪～大館駅間の運転を見合わせています。振替輸送および代行輸送を行っています。9月26日に運転を再開する見込みです。,大雨災害の影響で、鹿角花輪～大館駅間の運転を見合わせています。振替輸送および代行輸送を行っています。9月26日に運転を再開する見込みです。,"2","1",日本,"03",東北,"0001",JR東日本,"0464",花輪線,"0","","0","",,,"20250925050024",,,,,0,"2025-08-22 15:47:46",RTM512,RTM512,"2025-09-25 05:00:48",RTM512,RTM512,35
data,"00000017364893","0002",交通,"00020001",鉄道情報,"000200010099",その他,"2025-09-25 05:00:00","00000017407574",,"2","04","",N,大井川鉄道井川線 長期運転見合わせ,安全確認の影響で、閑蔵～井川駅間の運転を見合わせています。9月27日に運転を再開する見込みです。,安全確認の影響で、閑蔵～井川駅間の運転を見合わせています。9月27日に運転を再開する見込みです。,"2","1",日本,"05",中部,"0247",大井川鐵道,"0248",大井川鉄道井川線,"0","","0","",,,"20250925050034",,,,,0,"2025-09-15 04:30:47",RTM512,RTM512,"2025-09-25 05:00:49",RTM512,RTM512,12
data,"00000017371681","0002",交通,"00020001",鉄道情報,"000200010099",その他,"2025-09-25 05:00:00","00000017407582",,"3","04","",N,福井鉄道線 長期ダイヤ変更,車両故障の影響で、一部列車に運休が出ています。09:10頃～18:30頃まで、えちぜん鉄道三国芦原線との直通運転を中止します。,車両故障の影響で、一部列車に運休が出ています。09:10頃～18:30頃まで、えちぜん鉄道三国芦原線との直通運転を中止します。,"3","1",日本,"05",中部,"0565",福井鉄道,"0565",福井鉄道線,"0","","0","",,,"20250925050050",,,,,0,"2025-09-16 19:30:46",RTM512,RTM512,"2025-09-25 05:01:47",RTM512,RTM512,10
data,"00000017374461","0002",交通,"00020001",鉄道情報,"000200010099",その他,"2025-09-25 05:00:00","00000017407587",,"3","04","",N,えちぜん鉄道三国芦原線 長期ダイヤ変更,車両故障の影響で、09:55頃～18:15頃まで、福井鉄道線との直通運転を中止します。,車両故障の影響で、09:55頃～18:15頃まで、福井鉄道線との直通運転を中止します。,"3","1",日本,"05",中部,"0566",えちぜん鉄道,"0567",えちぜん鉄道三国芦原線,"0","","0","",,,"20250925050056",,,,,0,"2025-09-17 15:00:47",RTM512,RTM512,"2025-09-25 05:01:48",RTM512,RTM512,8
data,"00000017394732","0002",交通,"00020001",鉄道情報,"000200010099",その他,"2025-09-25 05:00:00","00000017407588",,"3","04","",N,伊勢鉄道線 長期ダイヤ変更,車両故障の影響で、平日は一部列車が運休や運転変更となります。,車両故障の影響で、平日は一部列車が運休や運転変更となります。,"3","1",日本,"05",中部,"0260",伊勢鉄道,"0260",伊勢鉄道線,"0","","0","",,,"20250925050057",,,,,0,"2025-09-21 15:00:46",RTM512,RTM512,"2025-09-25 05:01:48",RTM512,RTM512,4
data,"00000017394733","0002",交通,"00020001",鉄道情報,"000200010005",平常運転,"2025-09-22 22:00:00","00000017399703",,"3","04","",D,石勝線 平常運転,"22:00現在、ほぼ平常通り運転しています。","22:00現在、ほぼ平常通り運転しています。","3","1",日本,"02",北海道,"0009",JR北海道,"0430",石勝線,"0","","0","",,,"20250922230024",,,,,0,"2025-09-21 15:00:46",RTM512,RTM512,"2025-09-22 23:00:49",RTM512,RTM512,3
data,"00000017394948","0002",交通,"00020001",鉄道情報,"000200010005",平常運転,"2025-09-22 13:35:00","00000017398223",,"3","04","",D,釧網本線 平常運転,"13:35現在、運転を再開し、ほぼ平常通り運転しています。","13:35現在、運転を再開し、ほぼ平常通り運転しています。","3","1",日本,"02",北海道,"0009",JR北海道,"0425",釧網本線,"0","","0","",,,"20250922143519",,,,,0,"2025-09-21 16:00:46",RTM512,RTM512,"2025-09-22 14:35:46",RTM512,RTM512,4
data,"00000017395576","0002",交通,"00020001",鉄道情報,"000200010001",運転見合わせ,"2025-09-22 22:05:00","00000017399879",,"1","04","",D,根室本線[新得～釧路] 運転見合わせ,大雨災害の影響で、終日、池田～釧路駅間の運転を見合わせています。,大雨災害の影響で、終日、池田～釧路駅間の運転を見合わせています。,"1","1",日本,"02",北海道,"0009",JR北海道,"0428",根室本線[新得～釧路],"0","","0","",,,"20250923020027",,,,,0,"2025-09-21 17:45:46",RTM512,RTM512,"2025-09-23 02:00:47",RTM512,RTM512,3
data,"00000017397313","0002",交通,"00020001",鉄道情報,"000200010005",平常運転,"2025-09-22 16:05:00","00000017398783",,"3","04","",D,花咲線 平常運転,"16:05現在、運転を再開し、ほぼ平常通り運転しています。","16:05現在、運転を再開し、ほぼ平常通り運転しています。","3","1",日本,"02",北海道,"0009",JR北海道,"0439",花咲線,"0","","0","",,,"20250922170519",,,,,0,"2025-09-22 09:02:46",RTM512,RTM512,"2025-09-22 17:05:46",RTM512,RTM512,4
data,"00000017397831","0002",交通,"00020001",鉄道情報,"000200010005",平常運転,"2025-09-22 12:15:00","00000017398089",,"3","04","",D,東海道本線[豊橋～米原] 平常運転,"12:15現在、ほぼ平常通り運転しています。","12:15現在、ほぼ平常通り運転しています。","3","1",日本,"05",中部,"0007",JR東海,"0192",東海道本線[熱海～米原],"0193",東海道本線[豊橋～米原],"0","",,,"20250922131525",,,,,0,"2025-09-22 11:32:46",RTM512,RTM512,"2025-09-22 13:15:46",RTM512,RTM512,2
data,"00000017397860","0002",交通,"00020001",鉄道情報,"000200010005",平常運転,"2025-09-22 15:30:00","00000017398466",,"3","04","",D,南海本線 平常運転,"15:30現在、ほぼ平常通り運転しています。","15:30現在、ほぼ平常通り運転しています。","3","1",日本,"06",近畿,"0339",南海電鉄,"0339",南海本線,"0","","0","",,,"20250922163017",,,,,0,"2025-09-22 11:42:46",RTM512,RTM512,"2025-09-22 16:30:46",RTM512,RTM512,5
data,"00000017397890","0002",交通,"00020001",鉄道情報,"000200010005",平常運転,"2025-09-22 13:40:00","00000017398228",,"3","04","",D,山陽本線[三原～岩国] 平常運転,"13:40現在、ほぼ平常通り運転しています。","13:40現在、ほぼ平常通り運転しています。","3","1",日本,"08",中国,"0008",JR西日本,"0332",山陽本線[姫路～下関],"0418",山陽本線[三原～岩国],"0","",,,"20250922144015",,,,,0,"2025-09-22 11:53:46",RTM512,RTM512,"2025-09-22 14:40:46",RTM512,RTM512,2
data,"00000017397950","0002",交通,"00020001",鉄道情報,"000200010005",平常運転,"2025-09-22 13:00:00","00000017398158",,"3","04","",D,埼京川越線[羽沢横浜国大～川越] 平常運転,"13:00現在、ほぼ平常通り運転しています。","13:00現在、ほぼ平常通り運転しています。","3","1",日本,"04",関東,"0001",JR東日本,"0050",埼京川越線[羽沢横浜国大～川越],"0","","0","",,,"20250922135207",,,,,0,"2025-09-22 12:11:46",RTM512,RTM512,"2025-09-22 13:52:47",RTM512,RTM512,3
data,"00000017398118","0002",交通,"00020001",鉄道情報,"000200010005",平常運転,"2025-09-22 14:10:00","00000017398280",,"3","04","",D,呉線 平常運転,"14:10現在、ほぼ平常通り運転しています。","14:10現在、ほぼ平常通り運転しています。","3","1",日本,"08",中国,"0008",JR西日本,"0502",呉線,"0","","0","",,,"20250922151020",,,,,0,"2025-09-22 13:29:46",RTM512,RTM512,"2025-09-22 15:10:47",RTM512,RTM512,2
data,"00000017398125","0002",交通,"00020001",鉄道情報,"000200010005",平常運転,"2025-09-22 14:15:00","00000017398286",,"3","04","",D,予讃線[高松～松山] 平常運転,"14:15現在、ほぼ平常通り運転しています。","14:15現在、ほぼ平常通り運転しています。","3","1",日本,"09",四国,"0509",JR四国,"0510",予讃線,"0510",予讃線[高松～松山],"0","",,,"20250922151519",,,,,0,"2025-09-22 13:35:46",RTM512,RTM512,"2025-09-22 15:15:47",RTM512,RTM512,2
data,"00000017398130","0002",交通,"00020001",鉄道情報,"000200010005",平常運転,"2025-09-22 15:25:00","00000017398452",,"3","04","",D,りんかい線 平常運転,"15:25現在、ほぼ平常通り運転しています。","15:25現在、ほぼ平常通り運転しています。","3","1",日本,"04",関東,"0144",東京臨海高速鉄道,"0144",りんかい線,"0","","0","",,,"20250922162517",,,,,0,"2025-09-22 13:39:46",RTM512,RTM512,"2025-09-22 16:25:46",RTM512,RTM512,3
data,"00000017398132","0002",交通,"00020001",鉄道情報,"000200010005",平常運転,"2025-09-22 20:45:00","00000017399596",,"3","04","",D,湘南新宿ライン 平常運転,"20:45現在、ほぼ平常通り運転しています。","20:45現在、ほぼ平常通り運転しています。","3","1",日本,"04",関東,"0001",JR東日本,"0025",湘南新宿ライン,"0","","0","",,,"20250922214521",,,,,0,"2025-09-22 13:40:46",RTM512,RTM512,"2025-09-22 21:45:47",RTM512,RTM512,5
data,"00000017398157","0002",交通,"00020001",鉄道情報,"000200010005",平常運転,"2025-09-22 16:55:00","00000017398958",,"3","04","",D,埼京川越線[羽沢横浜国大～川越] 平常運転,"16:55現在、ほぼ平常通り運転しています。","16:55現在、ほぼ平常通り運転しています。","3","1",日本,"04",関東,"0001",JR東日本,"0050",埼京川越線[羽沢横浜国大～川越],"0","","0","",,,"20250922175520",,,,,0,"2025-09-22 13:52:46",RTM512,RTM512,"2025-09-22 17:55:46",RTM512,RTM512,8
data,"00000017398161","0002",交通,"00020001",鉄道情報,"000200010005",平常運転,"2025-09-22 16:50:00","00000017398931",,"3","04","",D,相鉄線 平常運転,"16:50現在、ほぼ平常通り運転しています。","16:50現在、ほぼ平常通り運転しています。","3","1",日本,"04",関東,"0125",相模鉄道,"0125",相鉄線,"0","","0","",,,"20250922175022",,,,,0,"2025-09-22 13:55:46",RTM512,RTM512,"2025-09-22 17:50:46",RTM512,RTM512,2
data,"00000017398162","0002",交通,"00020001",鉄道情報,"000200010005",平常運転,"2025-09-22 15:00:00","00000017398372",,"3","04","",D,横浜線 平常運転,"15:00現在、ほぼ平常通り運転しています。","15:00現在、ほぼ平常通り運転しています。","3","1",日本,"04",関東,"0001",JR東日本,"0031",横浜線,"0","","0","",,,"20250922160019",,,,,0,"2025-09-22 13:55:47",RTM512,RTM512,"2025-09-22 16:00:46",RTM512,RTM512,2
data,"00000017398173","0002",交通,"00020001",鉄道情報,"000200010005",平常運転,"2025-09-22 14:15:00","00000017398215",,"3","04","",D,京浜東北根岸線 平常運転,"14:15現在、ほぼ平常通り運転しています。","14:15現在、ほぼ平常通り運転しています。","3","1",日本,"04",関東,"0001",JR東日本,"0022",京浜東北根岸線,"0","","0","",,,"20250922143106",,,,,0,"2025-09-22 14:02:47",RTM512,RTM512,"2025-09-22 14:31:46",RTM512,RTM512,2
data,"00000017398180","0002",交通,"00020001",鉄道情報,"000200010005",平常運転,"2025-09-22 16:35:00","00000017398873",,"3","04","",D,横須賀線 平常運転,"16:35現在、ほぼ平常通り運転しています。","16:35現在、ほぼ平常通り運転しています。","3","1",日本,"04",関東,"0001",JR東日本,"0029",横須賀線,"0","","0","",,,"20250922173517",,,,,0,"2025-09-22 14:10:46",RTM512,RTM512,"2025-09-22 17:35:46",RTM512,RTM512,2
data,"00000017398200","0002",交通,"00020001",鉄道情報,"000200010005",平常運転,"2025-09-22 16:25:00","00000017398848",,"3","04","",D,鹿児島本線[門司港～大牟田] 平常運転,"16:25現在、ほぼ平常通り運転しています。","16:25現在、ほぼ平常通り運転しています。","3","1",日本,"07",九州,"0386",JR九州,"0386",鹿児島本線[門司港～八代],"0386",鹿児島本線[門司港～大牟田],"0","",,,"20250922172517",,,,,0,"2025-09-22 14:22:46",RTM512,RTM512,"2025-09-22 17:25:47",RTM512,RTM512,2
data,"00000017398214","0002",交通,"00020001",鉄道情報,"000200010005",平常運転,"2025-09-22 15:00:00","00000017398373",,"3","04","",D,京浜東北根岸線 平常運転,"15:00現在、ほぼ平常通り運転しています。","15:00現在、ほぼ平常通り運転しています。","3","1",日本,"04",関東,"0001",JR東日本,"0022",京浜東北根岸線,"0","","0","",,,"20250922160020",,,,,0,"2025-09-22 14:31:46",RTM512,RTM512,"2025-09-22 16:00:46",RTM512,RTM512,2
data,"00000017398254","0002",交通,"00020001",鉄道情報,"000200010005",平常運転,"2025-09-23 15:25:00","00000017401765",,"3","04","",D,烏山線 平常運転,"15:25現在、ほぼ平常通り運転しています。","15:25現在、ほぼ平常通り運転しています。","3","1",日本,"04",関東,"0001",JR東日本,"0056",烏山線,"0","","0","",,,"20250923162516",,,,,0,"2025-09-22 15:00:46",RTM512,RTM512,"2025-09-23 16:25:46",RTM512,RTM512,3
data,"00000017398263","0002",交通,"00020001",鉄道情報,"000200010005",平常運転,"2025-09-22 15:30:00","00000017398465",,"3","04","",D,赤穂線 平常運転,"15:30現在、ほぼ平常通り運転しています。","15:30現在、ほぼ平常通り運転しています。","3","1",日本,"08",中国,"0008",JR西日本,"0330",赤穂線,"0","","0","",,,"20250922163015",,,,,0,"2025-09-22 15:04:46",RTM512,RTM512,"2025-09-22 16:30:46",RTM512,RTM512,2
data,"00000017398277","0002",交通,"00020001",鉄道情報,"000200010099",その他,"2025-09-25 05:00:00","00000017407584",,"3","04","",N,石勝線 長期ダイヤ変更,根室本線内での大雨災害の影響で、新夕張～新得駅間の一部列車に運休が出ています。,根室本線内での大雨災害の影響で、新夕張～新得駅間の一部列車に運休が出ています。,"3","1",日本,"02",北海道,"0009",JR北海道,"0430",石勝線,"0","","0","",,,"20250925050053",,,,,0,"2025-09-22 15:10:46",RTM512,RTM512,"2025-09-25 05:01:47",RTM512,RTM512,3
data,"00000017398278","0002",交通,"00020001",鉄道情報,"000200010099",その他,"2025-09-25 05:00:00","00000017407583",,"2","04","",N,根室本線[新得～釧路] 長期運転見合わせ,大雨災害の影響で、池田～釧路駅間の運転を見合わせています。運転区間の一部列車に運休が出ています。,大雨災害の影響で、池田～釧路駅間の運転を見合わせています。運転区間の一部列車に運休が出ています。,"2","1",日本,"02",北海道,"0009",JR北海道,"0428",根室本線[新得～釧路],"0","","0","",,,"20250925050052",,,,,0,"2025-09-22 15:10:46",RTM512,RTM512,"2025-09-25 05:01:47",RTM512,RTM512,3
data,"00000017398310","0002",交通,"00020001",鉄道情報,"000200010005",平常運転,"2025-09-22 23:50:00","00000017399835",,"3","04","",D,京王線 平常運転,"23:50現在、ほぼ平常通り運転しています。","23:50現在、ほぼ平常通り運転しています。","3","1",日本,"04",関東,"0102",京王電鉄,"0102",京王線,"0","","0","",,,"20250923005031",,,,,0,"2025-09-22 15:37:46",RTM512,RTM512,"2025-09-23 00:50:47",RTM512,RTM512,6
data,"00000017398311","0002",交通,"00020001",鉄道情報,"000200010005",平常運転,"2025-09-22 23:50:00","00000017399832",,"3","04","",D,京王新線 平常運転,"23:50現在、ほぼ平常通り運転しています。","23:50現在、ほぼ平常通り運転しています。","3","1",日本,"04",関東,"0102",京王電鉄,"0103",京王新線,"0","","0","",,,"20250923005025",,,,,0,"2025-09-22 15:39:46",RTM512,RTM512,"2025-09-23 00:50:46",RTM512,RTM512,5
data,"00000017398312","0002",交通,"00020001",鉄道情報,"000200010005",平常運転,"2025-09-22 23:50:00","00000017399834",,"3","04","",D,京王高尾線 平常運転,"23:50現在、ほぼ平常通り運転しています。","23:50現在、ほぼ平常通り運転しています。","3","1",日本,"04",関東,"0102",京王電鉄,"0105",京王高尾線,"0","","0","",,,"20250923005029",,,,,0,"2025-09-22 15:39:46",RTM512,RTM512,"2025-09-23 00:50:46",RTM512,RTM512,6
data,"00000017398313","0002",交通,"00020001",鉄道情報,"000200010005",平常運転,"2025-09-22 23:50:00","00000017399833",,"3","04","",D,京王相模原線 平常運転,"23:50現在、ほぼ平常通り運転しています。","23:50現在、ほぼ平常通り運転しています。","3","1",日本,"04",関東,"0102",京王電鉄,"0104",京王相模原線,"0","","0","",,,"20250923005027",,,,,0,"2025-09-22 15:39:46",RTM512,RTM512,"2025-09-23 00:50:46",RTM512,RTM512,5
data,"00000017398323","0002",交通,"00020001",鉄道情報,"000200010005",平常運転,"2025-09-22 16:25:00","00000017398847",,"3","04","",D,可部線 平常運転,"16:25現在、ほぼ平常通り運転しています。","16:25現在、ほぼ平常通り運転しています。","3","1",日本,"08",中国,"0008",JR西日本,"0503",可部線,"0","","0","",,,"20250922172515",,,,,0,"2025-09-22 15:43:47",RTM512,RTM512,"2025-09-22 17:25:46",RTM512,RTM512,2
data,"00000017398374","0002",交通,"00020001",鉄道情報,"000200010005",平常運転,"2025-09-22 16:50:00","00000017398932",,"3","04","",D,JR宝塚線 平常運転,"16:50現在、ほぼ平常通り運転しています。","16:50現在、ほぼ平常通り運転しています。","3","1",日本,"06",近畿,"0008",JR西日本,"0265",JR宝塚線,"0","","0","",,,"20250922175024",,,,,0,"2025-09-22 16:01:46",RTM512,RTM512,"2025-09-22 17:50:46",RTM512,RTM512,2
data,"00000017398411","0002",交通,"00020001",鉄道情報,"000200010004",運転状況,"2025-09-22 16:35:00","00000017399877",,"3","04","",D,都営新宿線 ダイヤ乱れ,"15:10頃、京王線内で発生したポイント故障の影響で、ダイヤが乱れています。","15:10頃、京王線内で発生したポイント故障の影響で、ダイヤが乱れています。","3","1",日本,"04",関東,"0128",東京都交通局,"0130",都営新宿線,"0","","0","",,,"20250923020024",,,,,0,"2025-09-22 16:11:46",RTM512,RTM512,"2025-09-23 02:00:46",RTM512,RTM512,2
data,"00000017398484","0002",交通,"00020001",鉄道情報,"000200010005",平常運転,"2025-09-22 19:10:00","00000017399406",,"3","04","",D,常磐線[品川～水戸] 平常運転,"19:10現在、ほぼ平常通り運転しています。","19:10現在、ほぼ平常通り運転しています。","3","1",日本,"04",関東,"0001",JR東日本,"0059",常磐線[品川～いわき],"0059",常磐線[品川～水戸],"0","",,,"20250922201022",,,,,0,"2025-09-22 16:35:47",RTM512,RTM512,"2025-09-22 20:10:46",RTM512,RTM512,4
data,"00000017398485","0002",交通,"00020001",鉄道情報,"000200010005",平常運転,"2025-09-22 17:55:00","00000017399214",,"3","04","",D,常磐線(快速)[品川～取手] 平常運転,"17:55現在、ほぼ平常通り運転しています。","17:55現在、ほぼ平常通り運転しています。","3","1",日本,"04",関東,"0001",JR東日本,"0057",常磐線(快速)[品川～取手],"0","","0","",,,"20250922185521",,,,,0,"2025-09-22 16:35:47",RTM512,RTM512,"2025-09-22 18:55:46",RTM512,RTM512,3
data,"00000017398813","0002",交通,"00020001",鉄道情報,"000200010003",列車遅延,"2025-09-22 23:40:00","00000017399884",,"3","04","",D,東海道本線[豊橋～米原] ダイヤ乱れ,"17:06頃、豊橋～西小坂井駅間で発生した接触事故の影響で、一部列車に遅れが出ています。","17:06頃、豊橋～西小坂井駅間で発生した接触事故の影響で、一部列車に遅れが出ています。","3","1",日本,"05",中部,"0007",JR東海,"0192",東海道本線[熱海～米原],"0193",東海道本線[豊橋～米原],"0","",,,"20250923020036",,,,,0,"2025-09-22 17:20:46",RTM512,RTM512,"2025-09-23 02:00:47",RTM512,RTM512,7
data,"00000017398845","0002",交通,"00020001",鉄道情報,"000200010005",平常運転,"2025-09-22 18:10:00","00000017399250",,"3","04","",D,久大本線 平常運転,"18:10現在、ほぼ平常通り運転しています。","18:10現在、ほぼ平常通り運転しています。","3","1",日本,"07",九州,"0386",JR九州,"0528",久大本線,"0","","0","",,,"20250922191016",,,,,0,"2025-09-22 17:24:46",RTM512,RTM512,"2025-09-22 19:10:47",RTM512,RTM512,2
data,"00000017398876","0002",交通,"00020001",鉄道情報,"000200010005",平常運転,"2025-09-22 18:45:00","00000017399361",,"3","04","",D,高崎線 平常運転,"18:45現在、ほぼ平常通り運転しています。","18:45現在、ほぼ平常通り運転しています。","3","1",日本,"04",関東,"0001",JR東日本,"0048",高崎線,"0","","0","",,,"20250922194525",,,,,0,"2025-09-22 17:40:47",RTM512,RTM512,"2025-09-22 19:45:46",RTM512,RTM512,2
data,"00000017398877","0002",交通,"00020001",鉄道情報,"000200010005",平常運転,"2025-09-22 18:10:00","00000017399251",,"3","04","",D,宇都宮線[東京～宇都宮] 平常運転,"18:10現在、ほぼ平常通り運転しています。","18:10現在、ほぼ平常通り運転しています。","3","1",日本,"04",関東,"0001",JR東日本,"0046",宇都宮線,"0046",宇都宮線[東京～宇都宮],"0","",,,"20250922191017",,,,,0,"2025-09-22 17:40:47",RTM512,RTM512,"2025-09-22 19:10:47",RTM512,RTM512,2
data,"00000017398936","0002",交通,"00020001",鉄道情報,"000200010005",平常運転,"2025-09-22 21:45:00","00000017399690",,"3","04","",D,中央総武線(各停) 平常運転,"21:45現在、ほぼ平常通り運転しています。","21:45現在、ほぼ平常通り運転しています。","3","1",日本,"04",関東,"0001",JR東日本,"0040",中央総武線(各停),"0","","0","",,,"20250922224519",,,,,0,"2025-09-22 17:53:47",RTM512,RTM512,"2025-09-22 22:45:46",RTM512,RTM512,6
data,"00000017398957","0002",交通,"00020001",鉄道情報,"000200010005",平常運転,"2025-09-22 19:10:00","00000017399405",,"3","04","",D,常磐線[水戸～いわき] 平常運転,"19:10現在、ほぼ平常通り運転しています。","19:10現在、ほぼ平常通り運転しています。","3","1",日本,"04",関東,"0001",JR東日本,"0059",常磐線[品川～いわき],"0060",常磐線[水戸～いわき],"0","",,,"20250922201020",,,,,0,"2025-09-22 17:55:46",RTM512,RTM512,"2025-09-22 20:10:46",RTM512,RTM512,2
data,"00000017398961","0002",交通,"00020001",鉄道情報,"000200010005",平常運転,"2025-09-22 19:35:00","00000017399453",,"3","04","",D,山陽本線[姫路～三原] 平常運転,"19:35現在、ほぼ平常通り運転しています。","19:35現在、ほぼ平常通り運転しています。","3","1",日本,"08",中国,"0008",JR西日本,"0332",山陽本線[姫路～下関],"0417",山陽本線[姫路～三原],"0","",,,"20250922203518",,,,,0,"2025-09-22 17:58:47",RTM512,RTM512,"2025-09-22 20:35:46",RTM512,RTM512,2
data,"00000017398989","0002",交通,"00020001",鉄道情報,"000200010005",平常運転,"2025-09-22 23:30:00","00000017399813",,"3","04","",D,東京メトロ東西線 平常運転,"23:30現在、ほぼ平常通り運転しています。","23:30現在、ほぼ平常通り運転しています。","3","1",日本,"04",関東,"0132",東京メトロ,"0135",東京メトロ東西線,"0","","0","",,,"20250923003018",,,,,0,"2025-09-22 18:06:46",RTM512,RTM512,"2025-09-23 00:30:46",RTM512,RTM512,6
data,"00000017399011","0002",交通,"00020001",鉄道情報,"000200010005",平常運転,"2025-09-22 23:55:00","00000017399844",,"3","04","",D,東葉高速線 平常運転,"23:55現在、ほぼ平常通り運転しています。","23:55現在、ほぼ平常通り運転しています。","3","1",日本,"04",関東,"0142",東葉高速鉄道,"0142",東葉高速線,"0","","0","",,,"20250923005520",,,,,0,"2025-09-22 18:13:47",RTM512,RTM512,"2025-09-23 00:55:46",RTM512,RTM512,5
data,"00000017399164","0002",交通,"00020001",鉄道情報,"000200010005",平常運転,"2025-09-22 20:20:00","00000017399546",,"3","04","",D,伊予鉄松山市内線 平常運転,"20:20現在、ほぼ平常通り運転しています。","20:20現在、ほぼ平常通り運転しています。","3","1",日本,"09",四国,"0600",伊予鉄道,"0603",伊予鉄松山市内線,"0","","0","",,,"20250922212019",,,,,0,"2025-09-22 18:43:46",RTM512,RTM512,"2025-09-22 21:20:46",RTM512,RTM512,2
data,"00000017399215","0002",交通,"00020001",鉄道情報,"000200010005",平常運転,"2025-09-22 19:45:00","00000017399475",,"3","04","",D,小野田線 平常運転,"19:45現在、ほぼ平常通り運転しています。","19:45現在、ほぼ平常通り運転しています。","3","1",日本,"08",中国,"0008",JR西日本,"0506",小野田線,"0","","0","",,,"20250922204522",,,,,0,"2025-09-22 18:58:46",RTM512,RTM512,"2025-09-22 20:45:47",RTM512,RTM512,2
data,"00000017399220","0002",交通,"00020001",鉄道情報,"000200010005",平常運転,"2025-09-22 20:45:00","00000017399597",,"3","04","",D,東海道本線[東京～熱海] 平常運転,"20:45現在、ほぼ平常通り運転しています。","20:45現在、ほぼ平常通り運転しています。","3","1",日本,"04",関東,"0001",JR東日本,"0027",東海道本線[東京～熱海],"0","","0","",,,"20250922214523",,,,,0,"2025-09-22 19:01:46",RTM512,RTM512,"2025-09-22 21:45:47",RTM512,RTM512,2
data,"00000017399225","0002",交通,"00020001",鉄道情報,"000200010005",平常運転,"2025-09-22 20:15:00","00000017399542",,"3","04","",D,身延線 平常運転,"20:15現在、ほぼ平常通り運転しています。","20:15現在、ほぼ平常通り運転しています。","3","1",日本,"05",中部,"0007",JR東海,"0196",身延線,"0","","0","",,,"20250922211513",,,,,0,"2025-09-22 19:02:46",RTM512,RTM512,"2025-09-22 21:15:47",RTM512,RTM512,2
data,"00000017399362","0002",交通,"00020001",鉄道情報,"000200010003",列車遅延,"2025-09-22 20:30:00","00000017399878",,"3","04","",D,日南線 ダイヤ乱れ,日向大束～福島今町駅間で発生した車輪空転の影響で、列車に遅れが出ています。,日向大束～福島今町駅間で発生した車輪空転の影響で、列車に遅れが出ています。,"3","1",日本,"07",九州,"0386",JR九州,"0534",日南線,"0","","0","",,,"20250923020025",,,,,0,"2025-09-22 19:47:46",RTM512,RTM512,"2025-09-23 02:00:46",RTM512,RTM512,2
data,"00000017399364","0002",交通,"00020001",鉄道情報,"000200010005",平常運転,"2025-09-22 20:25:00","00000017399550",,"3","04","",D,紀勢本線[亀山～新宮] 平常運転,"20:25現在、ほぼ平常通り運転しています。","20:25現在、ほぼ平常通り運転しています。","3","1",日本,"05",中部,"0007",JR東海,"0205",紀勢本線[亀山～新宮],"0","","0","",,,"20250922212519",,,,,0,"2025-09-22 19:48:47",RTM512,RTM512,"2025-09-22 21:25:46",RTM512,RTM512,2
data,"00000017399370","0002",交通,"00020001",鉄道情報,"000200010005",平常運転,"2025-09-22 20:10:00","00000017399534",,"3","04","",D,武豊線 平常運転,"20:10現在、ほぼ平常通り運転しています。","20:10現在、ほぼ平常通り運転しています。","3","1",日本,"05",中部,"0007",JR東海,"0199",武豊線,"0","","0","",,,"20250922211021",,,,,0,"2025-09-22 19:53:46",RTM512,RTM512,"2025-09-22 21:10:46",RTM512,RTM512,2
data,"00000017399376","0002",交通,"00020001",鉄道情報,"000200010005",平常運転,"2025-09-22 20:45:00","00000017399595",,"3","04","",D,参宮線 平常運転,"20:45現在、ほぼ平常通り運転しています。","20:45現在、ほぼ平常通り運転しています。","3","1",日本,"05",中部,"0007",JR東海,"0206",参宮線,"0","","0","",,,"20250922214519",,,,,0,"2025-09-22 19:55:46",RTM512,RTM512,"2025-09-22 21:45:47",RTM512,RTM512,2
data,"00000017399402","0002",交通,"00020001",鉄道情報,"000200010005",平常運転,"2025-09-22 22:50:00","00000017399724",,"3","04","",D,中央線(快速)[東京～高尾] 平常運転,"22:50現在、ほぼ平常通り運転しています。","22:50現在、ほぼ平常通り運転しています。","3","1",日本,"04",関東,"0001",JR東日本,"0038",中央線(快速)[東京～高尾],"0","","0","",,,"20250922232407",,,,,0,"2025-09-22 20:10:46",RTM512,RTM512,"2025-09-22 23:24:46",RTM512,RTM512,7
data,"00000017399408","0002",交通,"00020001",鉄道情報,"000200010005",平常運転,"2025-09-22 20:55:00","00000017399611",,"3","04","",D,呉線 平常運転,"20:55現在、ほぼ平常通り運転しています。","20:55現在、ほぼ平常通り運転しています。","3","1",日本,"08",中国,"0008",JR西日本,"0502",呉線,"0","","0","",,,"20250922215518",,,,,0,"2025-09-22 20:13:46",RTM512,RTM512,"2025-09-22 21:55:46",RTM512,RTM512,2
data,"00000017399427","0002",交通,"00020001",鉄道情報,"000200010005",平常運転,"2025-09-22 22:00:00","00000017399704",,"3","04","",D,常磐線[いわき～仙台] 平常運転,"22:00現在、ほぼ平常通り運転しています。","22:00現在、ほぼ平常通り運転しています。","3","1",日本,"03",東北,"0001",JR東日本,"0443",常磐線[いわき～仙台],"0","","0","",,,"20250922230026",,,,,0,"2025-09-22 20:25:46",RTM512,RTM512,"2025-09-22 23:00:49",RTM512,RTM512,3
data,"00000017399428","0002",交通,"00020001",鉄道情報,"000200010005",平常運転,"2025-09-22 23:25:00","00000017399810",,"3","04","",D,青梅線[立川～青梅] 平常運転,"23:25現在、ほぼ平常通り運転しています。","23:25現在、ほぼ平常通り運転しています。","3","1",日本,"04",関東,"0001",JR東日本,"0043",青梅線,"0043",青梅線[立川～青梅],"0","",,,"20250923002521",,,,,0,"2025-09-22 20:25:46",RTM512,RTM512,"2025-09-23 00:25:46",RTM512,RTM512,2
data,"00000017399454","0002",交通,"00020001",鉄道情報,"000200010005",平常運転,"2025-09-22 23:45:00","00000017399825",,"3","04","",D,奥羽本線[秋田～青森] 平常運転,"23:45現在、ほぼ平常通り運転しています。","23:45現在、ほぼ平常通り運転しています。","3","1",日本,"03",東北,"0001",JR東日本,"0456",奥羽本線[新庄～青森],"0457",奥羽本線[秋田～青森],"0","",,,"20250923004520",,,,,0,"2025-09-22 20:40:46",RTM512,RTM512,"2025-09-23 00:45:46",RTM512,RTM512,4
data,"00000017399480","0002",交通,"00020001",鉄道情報,"000200010005",平常運転,"2025-09-22 23:50:00","00000017399836",,"3","04","",D,中央本線[高尾～大月] 平常運転,"23:50現在、ほぼ平常通り運転しています。","23:50現在、ほぼ平常通り運転しています。","3","1",日本,"04",関東,"0001",JR東日本,"0042",中央本線[高尾～大月],"0","","0","",,,"20250923005033",,,,,0,"2025-09-22 20:49:46",RTM512,RTM512,"2025-09-23 00:50:47",RTM512,RTM512,4
data,"00000017399678","0002",交通,"00020001",鉄道情報,"000200010005",平常運転,"2025-09-22 23:50:00","00000017399837",,"3","04","",D,中央本線[大月～塩尻] 平常運転,"23:50現在、ほぼ平常通り運転しています。","23:50現在、ほぼ平常通り運転しています。","3","1",日本,"05",中部,"0001",JR東日本,"0470",中央本線[大月～塩尻],"0","","0","",,,"20250923005034",,,,,0,"2025-09-22 22:39:46",RTM512,RTM512,"2025-09-23 00:50:47",RTM512,RTM512,4
data,"00000017399691","0002",交通,"00020001",鉄道情報,"000200010003",列車遅延,"2025-09-22 23:30:00","00000017399882",,"3","04","",D,青梅線[青梅～奥多摩] ダイヤ乱れ,御嶽～川井駅間で発生した動物支障の影響で、一部列車に遅れが出ています。,御嶽～川井駅間で発生した動物支障の影響で、一部列車に遅れが出ています。,"3","1",日本,"04",関東,"0001",JR東日本,"0043",青梅線,"0044",青梅線[青梅～奥多摩],"0","",,,"20250923020033",,,,,0,"2025-09-22 22:47:46",RTM512,RTM512,"2025-09-23 02:00:47",RTM512,RTM512,3
data,"00000017399705","0002",交通,"00020001",鉄道情報,"000200010002",運転再開,"2025-09-23 00:38:00","00000017399886",,"3","04","",D,名鉄小牧線 運転再開,味美～春日井駅間で発生した人身事故の影響で、上飯田～小牧駅間の運転を見合わせていましたが、00:38頃、運転を再開しました。なお、一部列車に遅れや運休が出ています。,味美～春日井駅間で発生した人身事故の影響で、上飯田～小牧駅間の運転を見合わせていましたが、00:38頃、運転を再開しました。なお、一部列車に遅れや運休が出ています。,"3","1",日本,"05",中部,"0208",名古屋鉄道,"0218",名鉄小牧線,"0","","0","",,,"20250923020039",,,,,0,"2025-09-22 23:03:46",RTM512,RTM512,"2025-09-23 02:00:48",RTM512,RTM512,2
data,"00000017399712","0002",交通,"00020001",鉄道情報,"000200010003",列車遅延,"2025-09-23 00:55:00","00000017399887",,"3","04","",D,名古屋市営上飯田線 ダイヤ乱れ,名鉄小牧線内で発生した人身事故の影響で、一部列車に遅れが出ています。,名鉄小牧線内で発生した人身事故の影響で、一部列車に遅れが出ています。,"3","1",日本,"05",中部,"0240",名古屋市交通局,"0400",名古屋市営上飯田線,"0","","0","",,,"20250923020040",,,,,0,"2025-09-22 23:11:47",RTM512,RTM512,"2025-09-23 02:00:48",RTM512,RTM512,2
data,"00000017399717","0002",交通,"00020001",鉄道情報,"000200010003",列車遅延,"2025-09-22 23:10:00","00000017399880",,"3","04","",D,豊肥本線 ダイヤ乱れ,"22:42頃、菅尾～犬飼駅間で発生した動物支障の影響で、豊後竹田～大分駅間の一部列車に遅れが出ています。","22:42頃、菅尾～犬飼駅間で発生した動物支障の影響で、豊後竹田～大分駅間の一部列車に遅れが出ています。","3","1",日本,"07",九州,"0386",JR九州,"0529",豊肥本線,"0","","0","",,,"20250923020029",,,,,0,"2025-09-22 23:18:46",RTM512,RTM512,"2025-09-23 02:00:47",RTM512,RTM512,1
data,"00000017399723","0002",交通,"00020001",鉄道情報,"000200010003",列車遅延,"2025-09-22 23:20:00","00000017399881",,"3","04","",D,中央線(快速)[東京～高尾] ダイヤ乱れ,中央本線内での線路内点検の影響で、一部列車に遅れが出ています。,中央本線内での線路内点検の影響で、一部列車に遅れが出ています。,"3","1",日本,"04",関東,"0001",JR東日本,"0038",中央線(快速)[東京～高尾],"0","","0","",,,"20250923020031",,,,,0,"2025-09-22 23:24:46",RTM512,RTM512,"2025-09-23 02:00:47",RTM512,RTM512,1
data,"00000017399745","0002",交通,"00020001",鉄道情報,"000200010002",運転再開,"2025-09-23 01:04:00","00000017399888",,"3","04","",D,名鉄津島線・尾西線 運転再開,七宝駅構内で発生した人身事故の影響で、須ケ口～津島駅間の運転を見合わせていましたが、01:04頃、運転を再開しました。なお、一部列車に遅れや運休が出ています。,七宝駅構内で発生した人身事故の影響で、須ケ口～津島駅間の運転を見合わせていましたが、01:04頃、運転を再開しました。なお、一部列車に遅れや運休が出ています。,"3","1",日本,"05",中部,"0208",名古屋鉄道,"0222",名鉄津島線・尾西線,"0","","0","",,,"20250923020105",,,,,0,"2025-09-22 23:35:46",RTM512,RTM512,"2025-09-23 02:01:46",RTM512,RTM512,2
data,"00000017399746","0002",交通,"00020001",鉄道情報,"000200010004",運転状況,"2025-09-22 23:30:00","00000017399883",,"3","04","",D,名鉄名古屋本線 ダイヤ乱れ,名鉄津島線・尾西線内で発生した人身事故の影響で、一部列車に遅れや運休が出ています。,名鉄津島線・尾西線内で発生した人身事故の影響で、一部列車に遅れや運休が出ています。,"3","1",日本,"05",中部,"0208",名古屋鉄道,"0208",名鉄名古屋本線,"0","","0","",,,"20250923020035",,,,,0,"2025-09-22 23:35:47",RTM512,RTM512,"2025-09-23 02:00:47",RTM512,RTM512,1
data,"00000017399773","0002",交通,"00020001",鉄道情報,"000200010003",列車遅延,"2025-09-22 23:55:00","00000017399885",,"3","04","",D,高崎線 ダイヤ乱れ,北本駅での安全確認の影響で、一部列車に遅れが出ています。,北本駅での安全確認の影響で、一部列車に遅れが出ています。,"3","1",日本,"04",関東,"0001",JR東日本,"0048",高崎線,"0","","0","",,,"20250923020038",,,,,0,"2025-09-23 00:01:47",RTM512,RTM512,"2025-09-23 02:00:48",RTM512,RTM512,1
data,"00000017400565","0002",交通,"00020001",鉄道情報,"000200010005",平常運転,"2025-09-23 08:40:00","00000017400779",,"3","04","",D,山陰本線[益田～下関] 平常運転,"08:40現在、ほぼ平常通り運転しています。","08:40現在、ほぼ平常通り運転しています。","3","1",日本,"08",中国,"0008",JR西日本,"0331",山陰本線[鳥取～下関],"0422",山陰本線[益田～下関],"0","",,,"20250923094019",,,,,0,"2025-09-23 06:54:46",RTM512,RTM512,"2025-09-23 09:40:46",RTM512,RTM512,2
data,"00000017400655","0002",交通,"00020001",鉄道情報,"000200010005",平常運転,"2025-09-23 09:30:00","00000017400870",,"3","04","",D,山口線 平常運転,"09:30現在、ほぼ平常通り運転しています。","09:30現在、ほぼ平常通り運転しています。","3","1",日本,"08",中国,"0008",JR西日本,"0507",山口線,"0","","0","",,,"20250923103019",,,,,0,"2025-09-23 07:53:46",RTM512,RTM512,"2025-09-23 10:30:46",RTM512,RTM512,2
data,"00000017401159","0002",交通,"00020001",鉄道情報,"000200010005",平常運転,"2025-09-23 13:45:00","00000017401503",,"3","04","",D,西鉄天神大牟田線 平常運転,"13:45現在、ほぼ平常通り運転しています。","13:45現在、ほぼ平常通り運転しています。","3","1",日本,"07",九州,"0413",西日本鉄道,"0413",西鉄天神大牟田線,"0","","0","",,,"20250923144525",,,,,0,"2025-09-23 11:44:46",RTM512,RTM512,"2025-09-23 14:45:46",RTM512,RTM512,3
data,"00000017401218","0002",交通,"00020001",鉄道情報,"000200010005",平常運転,"2025-09-23 13:45:00","00000017401504",,"3","04","",D,西鉄甘木線 平常運転,"13:45現在、ほぼ平常通り運転しています。","13:45現在、ほぼ平常通り運転しています。","3","1",日本,"07",九州,"0413",西日本鉄道,"0415",西鉄甘木線,"0","","0","",,,"20250923144526",,,,,0,"2025-09-23 12:09:46",RTM512,RTM512,"2025-09-23 14:45:46",RTM512,RTM512,3
data,"00000017401256","0002",交通,"00020001",鉄道情報,"000200010005",平常運転,"2025-09-23 16:05:00","00000017402087",,"3","04","",D,都電荒川線 平常運転,"16:05現在、ほぼ平常通り運転しています。","16:05現在、ほぼ平常通り運転しています。","3","1",日本,"04",関東,"0128",東京都交通局,"0190",都電荒川線,"0","","0","",,,"20250923170518",,,,,0,"2025-09-23 12:28:46",RTM512,RTM512,"2025-09-23 17:05:46",RTM512,RTM512,3
data,"00000017401273","0002",交通,"00020001",鉄道情報,"000200010005",平常運転,"2025-09-23 13:05:00","00000017401436",,"3","04","",D,東武東上線 平常運転,"13:05現在、ほぼ平常通り運転しています。","13:05現在、ほぼ平常通り運転しています。","3","1",日本,"04",関東,"0077",東武鉄道,"0082",東武東上線,"0","","0","",,,"20250923140521",,,,,0,"2025-09-23 12:31:46",RTM512,RTM512,"2025-09-23 14:05:46",RTM512,RTM512,2
data,"00000017401529","0002",交通,"00020001",鉄道情報,"000200010005",平常運転,"2025-09-24 15:15:00","00000017405463",,"3","04","",D,小浜線 平常運転,"15:15現在、ほぼ平常通り運転しています。","15:15現在、ほぼ平常通り運転しています。","3","1",日本,"06",近畿,"0008",JR西日本,"0489",小浜線,"0","","0","",,,"20250924161518",,,,,0,"2025-09-23 15:00:46",RTM512,RTM512,"2025-09-24 16:15:46",RTM512,RTM512,3
data,"00000017401530","0002",交通,"00020001",鉄道情報,"000200010006",運転計画,"2025-09-24 05:00:00","00000017407091",,"3","04","",D,万葉線 運転計画,レール交換工事の影響で、09:00頃～終日、東新湊～越ノ潟電停間の列車が運休となります。,レール交換工事の影響で、09:00頃～終日、東新湊～越ノ潟電停間の列車が運休となります。代行輸送を行います。,"3","1",日本,"05",中部,"0576",万葉線,"0576",万葉線,"0","","0","",,,"20250925020024",,,,,0,"2025-09-23 15:00:46",RTM512,RTM512,"2025-09-25 02:00:46",RTM512,RTM512,2
data,"00000017401635","0002",交通,"00020001",鉄道情報,"000200010005",平常運転,"2025-09-23 16:40:00","00000017402158",,"3","04","",D,芸備線 平常運転,"16:40現在、ほぼ平常通り運転しています。","16:40現在、ほぼ平常通り運転しています。","3","1",日本,"08",中国,"0008",JR西日本,"0498",芸備線,"0","","0","",,,"20250923174014",,,,,0,"2025-09-23 15:52:46",RTM512,RTM512,"2025-09-23 17:40:47",RTM512,RTM512,2
data,"00000017401683","0002",交通,"00020001",鉄道情報,"000200010005",平常運転,"2025-09-23 18:25:00","00000017402417",,"3","04","",D,中央線(快速)[東京～高尾] 平常運転,"18:25現在、ほぼ平常通り運転しています。","18:25現在、ほぼ平常通り運転しています。","3","1",日本,"04",関東,"0001",JR東日本,"0038",中央線(快速)[東京～高尾],"0","","0","",,,"20250923192517",,,,,0,"2025-09-23 16:05:46",RTM512,RTM512,"2025-09-23 19:25:46",RTM512,RTM512,3
data,"00000017401684","0002",交通,"00020001",鉄道情報,"000200010005",平常運転,"2025-09-23 16:35:00","00000017402147",,"3","04","",D,青梅線[立川～青梅] 平常運転,"16:35現在、ほぼ平常通り運転しています。","16:35現在、ほぼ平常通り運転しています。","3","1",日本,"04",関東,"0001",JR東日本,"0043",青梅線,"0043",青梅線[立川～青梅],"0","",,,"20250923173518",,,,,0,"2025-09-23 16:05:46",RTM512,RTM512,"2025-09-23 17:35:46",RTM512,RTM512,2
data,"00000017402086","0002",交通,"00020001",鉄道情報,"000200010005",平常運転,"2025-09-23 18:40:00","00000017402468",,"3","04","",D,山陽新幹線 平常運転,"18:40現在、ほぼ平常通り運転しています。","18:40現在、ほぼ平常通り運転しています。","3","1",日本,"01",新幹線,"0008",JR西日本,"0008",山陽新幹線,"0","","0","",,,"20250923194022",,,,,0,"2025-09-23 17:04:47",RTM512,RTM512,"2025-09-23 19:40:47",RTM512,RTM512,2
data,"00000017402105","0002",交通,"00020001",鉄道情報,"000200010003",列車遅延,"2025-09-23 21:50:00","00000017402957",,"3","04","",D,吉都線 ダイヤ乱れ,"16:50頃、小林～西小林駅間で発生した車輪空転の影響で、列車に遅れが出ています。","16:50頃、小林～西小林駅間で発生した車輪空転の影響で、列車に遅れが出ています。","3","1",日本,"07",九州,"0386",JR九州,"0532",吉都線,"0","","0","",,,"20250924020018",,,,,0,"2025-09-23 17:12:46",RTM512,RTM512,"2025-09-24 02:00:46",RTM512,RTM512,5
data,"00000017402157","0002",交通,"00020001",鉄道情報,"000200010005",平常運転,"2025-09-23 18:50:00","00000017402484",,"3","04","",D,JR神戸線 平常運転,"18:50現在、ほぼ平常通り運転しています。","18:50現在、ほぼ平常通り運転しています。","3","1",日本,"06",近畿,"0008",JR西日本,"0273",JR神戸線,"0","","0","",,,"20250923195022",,,,,0,"2025-09-23 17:39:46",RTM512,RTM512,"2025-09-23 19:50:46",RTM512,RTM512,2
data,"00000017402159","0002",交通,"00020001",鉄道情報,"000200010005",平常運転,"2025-09-23 18:40:00","00000017402467",,"3","04","",D,青梅線[立川～青梅] 平常運転,"18:40現在、ほぼ平常通り運転しています。","18:40現在、ほぼ平常通り運転しています。","3","1",日本,"04",関東,"0001",JR東日本,"0043",青梅線,"0043",青梅線[立川～青梅],"0","",,,"20250923194020",,,,,0,"2025-09-23 17:44:46",RTM512,RTM512,"2025-09-23 19:40:47",RTM512,RTM512,2
data,"00000017402220","0002",交通,"00020001",鉄道情報,"000200010005",平常運転,"2025-09-23 19:00:00","00000017402520",,"3","04","",D,鹿児島本線[門司港～大牟田] 平常運転,"19:00現在、ほぼ平常通り運転しています。","19:00現在、ほぼ平常通り運転しています。","3","1",日本,"07",九州,"0386",JR九州,"0386",鹿児島本線[門司港～八代],"0386",鹿児島本線[門司港～大牟田],"0","",,,"20250923200016",,,,,0,"2025-09-23 18:03:46",RTM512,RTM512,"2025-09-23 20:00:47",RTM512,RTM512,2
data,"00000017402341","0002",交通,"00020001",鉄道情報,"000200010003",列車遅延,"2025-09-23 19:55:00","00000017402956",,"3","04","",D,磐越西線 ダイヤ乱れ,動物支障の影響で、会津若松～新津駅間の一部列車に遅れが出ています。,動物支障の影響で、会津若松～新津駅間の一部列車に遅れが出ています。,"3","1",日本,"03",東北,"0001",JR東日本,"0445",磐越西線,"0","","0","",,,"20250924020017",,,,,0,"2025-09-23 18:50:46",RTM512,RTM512,"2025-09-24 02:00:46",RTM512,RTM512,4
data,"00000017402409","0002",交通,"00020001",鉄道情報,"000200010002",運転再開,"2025-09-23 20:59:00","00000017402636",,"3","04","",D,高崎線 運転再開,倉賀野駅での信号関係点検の影響で、神保原～高崎駅間の下り線(高崎方面行)の運転を見合わせていましたが、20:59頃、運転を再開しました。なお、一部列車に遅れが出ています。,倉賀野駅での信号関係点検の影響で、神保原～高崎駅間の下り線(高崎方面行)の運転を見合わせていましたが、20:59頃、運転を再開しました。なお、一部列車に遅れが出ています。,"3","1",日本,"04",関東,"0001",JR東日本,"0048",高崎線,"0","","0","",,,"20250923211908",,,,,0,"2025-09-23 19:24:46",RTM512,RTM512,"2025-09-23 21:19:46",RTM512,RTM512,6
data,"00000017402442","0002",交通,"00020001",鉄道情報,"000200010005",平常運転,"2025-09-23 20:00:00","00000017402614",,"3","04","",D,内房線 平常運転,"20:00現在、ほぼ平常通り運転しています。","20:00現在、ほぼ平常通り運転しています。","3","1",日本,"04",関東,"0001",JR東日本,"0063",内房線,"0","","0","",,,"20250923210019",,,,,0,"2025-09-23 19:33:46",RTM512,RTM512,"2025-09-23 21:00:46",RTM512,RTM512,2
data,"00000017402472","0002",交通,"00020001",鉄道情報,"000200010003",列車遅延,"2025-09-23 21:50:00","00000017402958",,"3","04","",D,湘南新宿ライン ダイヤ乱れ,高崎線内での信号関係点検の影響で、一部列車に遅れが出ています。,高崎線内での信号関係点検の影響で、一部列車に遅れが出ています。,"3","1",日本,"04",関東,"0001",JR東日本,"0025",湘南新宿ライン,"0","","0","",,,"20250924020020",,,,,0,"2025-09-23 19:45:46",RTM512,RTM512,"2025-09-24 02:00:46",RTM512,RTM512,2
data,"00000017402480","0002",交通,"00020001",鉄道情報,"000200010002",運転再開,"2025-09-23 20:59:00","00000017402637",,"3","04","",D,八高線[高麗川～高崎] 運転再開,高崎線内での信号関係点検の影響で、群馬藤岡～高崎駅間の運転を見合わせていましたが、20:59頃、運転を再開しました。なお、列車に遅れが出ています。,高崎線内での信号関係点検の影響で、群馬藤岡～高崎駅間の運転を見合わせていましたが、20:59頃、運転を再開しました。なお、列車に遅れが出ています。,"3","1",日本,"04",関東,"0001",JR東日本,"0054",八高線[高麗川～高崎],"0","","0","",,,"20250923211910",,,,,0,"2025-09-23 19:49:46",RTM512,RTM512,"2025-09-23 21:19:46",RTM512,RTM512,3
data,"00000017402507","0002",交通,"00020001",鉄道情報,"000200010004",運転状況,"2025-09-23 23:45:00","00000017402964",,"3","04","",D,南海本線 ダイヤ乱れ,"19:33頃、蛸地蔵～貝塚駅間で発生した踏切事故の影響で、ダイヤが乱れています。","19:33頃、蛸地蔵～貝塚駅間で発生した踏切事故の影響で、ダイヤが乱れています。","3","1",日本,"06",近畿,"0339",南海電鉄,"0339",南海本線,"0","","0","",,,"20250924020032",,,,,0,"2025-09-23 19:56:46",RTM512,RTM512,"2025-09-24 02:00:47",RTM512,RTM512,5
data,"00000017402529","0002",交通,"00020001",鉄道情報,"000200010004",運転状況,"2025-09-23 23:25:00","00000017402963",,"3","04","",D,南海空港線 ダイヤ乱れ,"19:33頃、南海本線内で発生した踏切事故の影響で、ダイヤが乱れています。","19:33頃、南海本線内で発生した踏切事故の影響で、ダイヤが乱れています。","3","1",日本,"06",近畿,"0339",南海電鉄,"0340",南海空港線,"0","","0","",,,"20250924020031",,,,,0,"2025-09-23 20:05:46",RTM512,RTM512,"2025-09-24 02:00:47",RTM512,RTM512,5
data,"00000017402542","0002",交通,"00020001",鉄道情報,"000200010005",平常運転,"2025-09-23 21:00:00","00000017402724",,"3","04","",D,羽越本線[新津～酒田] 平常運転,"21:00現在、ほぼ平常通り運転しています。","21:00現在、ほぼ平常通り運転しています。","3","1",日本,"03",東北,"0001",JR東日本,"0468",羽越本線,"0625",羽越本線[新津～酒田],"0","",,,"20250923220019",,,,,0,"2025-09-23 20:14:47",RTM512,RTM512,"2025-09-23 22:00:46",RTM512,RTM512,3
data,"00000017402568","0002",交通,"00020001",鉄道情報,"000200010005",平常運転,"2025-09-23 23:30:00","00000017402910",,"3","04","",D,東北本線[仙台～一ノ関] 平常運転,"23:30現在、ほぼ平常通り運転しています。","23:30現在、ほぼ平常通り運転しています。","3","1",日本,"03",東北,"0001",JR東日本,"0016",東北本線[黒磯～盛岡],"0017",東北本線[仙台～一ノ関],"0","",,,"20250924003021",,,,,0,"2025-09-23 20:27:46",RTM512,RTM512,"2025-09-24 00:30:46",RTM512,RTM512,4
data,"00000017402592","0002",交通,"00020001",鉄道情報,"000200010005",平常運転,"2025-09-23 21:20:00","00000017402782",,"3","04","",D,青梅線[青梅～奥多摩] 平常運転,"21:20現在、ほぼ平常通り運転しています。","21:20現在、ほぼ平常通り運転しています。","3","1",日本,"04",関東,"0001",JR東日本,"0043",青梅線,"0044",青梅線[青梅～奥多摩],"0","",,,"20250923222016",,,,,0,"2025-09-23 20:40:46",RTM512,RTM512,"2025-09-23 22:20:46",RTM512,RTM512,4
data,"00000017402619","0002",交通,"00020001",鉄道情報,"000200010005",平常運転,"2025-09-23 22:55:00","00000017402889",,"3","04","",D,東海道本線[東京～熱海] 平常運転,"22:55現在、ほぼ平常通り運転しています。","22:55現在、ほぼ平常通り運転しています。","3","1",日本,"04",関東,"0001",JR東日本,"0027",東海道本線[東京～熱海],"0","","0","",,,"20250923235514",,,,,0,"2025-09-23 21:04:46",RTM512,RTM512,"2025-09-23 23:55:46",RTM512,RTM512,2
data,"00000017402630","0002",交通,"00020001",鉄道情報,"000200010003",列車遅延,"2025-09-23 22:00:00","00000017402959",,"3","04","",D,飯田線 ダイヤ乱れ,沢～羽場駅間での踏切内点検の影響で、一部列車に遅れが出ています。,沢～羽場駅間での踏切内点検の影響で、一部列車に遅れが出ています。,"3","1",日本,"05",中部,"0007",JR東海,"0197",飯田線,"0","","0","",,,"20250924020023",,,,,0,"2025-09-23 21:14:47",RTM512,RTM512,"2025-09-24 02:00:46",RTM512,RTM512,3
data,"00000017402634","0002",交通,"00020001",鉄道情報,"000200010004",運転状況,"2025-09-23 22:30:00","00000017402962",,"3","04","",D,八高線[高麗川～高崎] ダイヤ乱れ,"21:08頃、高崎線内での信号関係点検の影響で、一部列車に遅れや運休が出ています。","21:08頃、高崎線内での信号関係点検の影響で、一部列車に遅れや運休が出ています。","3","1",日本,"04",関東,"0001",JR東日本,"0054",八高線[高麗川～高崎],"0","","0","",,,"20250924020029",,,,,0,"2025-09-23 21:19:46",RTM512,RTM512,"2025-09-24 02:00:47",RTM512,RTM512,4
data,"00000017402635","0002",交通,"00020001",鉄道情報,"000200010004",運転状況,"2025-09-23 22:30:00","00000017402961",,"3","04","",D,高崎線 ダイヤ乱れ,"21:08頃、倉賀野駅での信号関係点検の影響で、一部列車に遅れや運休が出ています。","21:08頃、倉賀野駅での信号関係点検の影響で、一部列車に遅れや運休が出ています。","3","1",日本,"04",関東,"0001",JR東日本,"0048",高崎線,"0","","0","",,,"20250924020027",,,,,0,"2025-09-23 21:19:46",RTM512,RTM512,"2025-09-24 02:00:47",RTM512,RTM512,3
data,"00000017402655","0002",交通,"00020001",鉄道情報,"000200010005",平常運転,"2025-09-23 21:55:00","00000017402810",,"3","04","",D,山陰本線[益田～下関] 平常運転,"21:55現在、ほぼ平常通り運転しています。","21:55現在、ほぼ平常通り運転しています。","3","1",日本,"08",中国,"0008",JR西日本,"0331",山陰本線[鳥取～下関],"0422",山陰本線[益田～下関],"0","",,,"20250923225519",,,,,0,"2025-09-23 21:29:46",RTM512,RTM512,"2025-09-23 22:55:46",RTM512,RTM512,2
data,"00000017402730","0002",交通,"00020001",鉄道情報,"000200010003",列車遅延,"2025-09-23 22:00:00","00000017402960",,"3","04","",D,久大本線 ダイヤ乱れ,"21:40頃、豊後中村～野矢駅間での線路内点検の影響で、一部列車に遅れが出ています。","21:40頃、豊後中村～野矢駅間での線路内点検の影響で、一部列車に遅れが出ています。","3","1",日本,"07",九州,"0386",JR九州,"0528",久大本線,"0","","0","",,,"20250924020025",,,,,0,"2025-09-23 22:04:46",RTM512,RTM512,"2025-09-24 02:00:47",RTM512,RTM512,1
data,"00000017402839","0002",交通,"00020001",鉄道情報,"000200010002",運転再開,"2025-09-24 00:40:00","00000017402965",,"3","04","",D,小田急江ノ島線 運転再開,本鵠沼～鵠沼海岸駅間で発生した人身事故の影響で、藤沢～片瀬江ノ島駅間の運転を見合わせていましたが、00:40頃、運転を再開しました。なお、ダイヤが乱れています。,本鵠沼～鵠沼海岸駅間で発生した人身事故の影響で、藤沢～片瀬江ノ島駅間の運転を見合わせていましたが、00:40頃、運転を再開しました。なお、ダイヤが乱れています。,"3","1",日本,"04",関東,"0109",小田急電鉄,"0110",小田急江ノ島線,"0","","0","",,,"20250924020033",,,,,0,"2025-09-23 23:01:47",RTM512,RTM512,"2025-09-24 02:00:48",RTM512,RTM512,2
data,"00000017403714","0002",交通,"00020001",鉄道情報,"000200010005",平常運転,"2025-09-24 06:35:00","00000017403867",,"3","04","",D,米坂線 平常運転,"06:35現在、ほぼ平常通り運転しています。","06:35現在、ほぼ平常通り運転しています。","3","1",日本,"03",東北,"0001",JR東日本,"0458",米坂線,"0","","0","",,,"20250924073518",,,,,0,"2025-09-24 06:11:46",RTM512,RTM512,"2025-09-24 07:35:46",RTM512,RTM512,2
data,"00000017403750","0002",交通,"00020001",鉄道情報,"000200010005",平常運転,"2025-09-24 10:00:00","00000017404455",,"3","04","",D,錦川鉄道線 平常運転,"10:00現在、ほぼ平常通り運転しています。","10:00現在、ほぼ平常通り運転しています。","3","1",日本,"08",中国,"0591",錦川鉄道,"0591",錦川鉄道線,"0","","0","",,,"20250924110023",,,,,0,"2025-09-24 06:32:46",RTM512,RTM512,"2025-09-24 11:00:46",RTM512,RTM512,4
data,"00000017403751","0002",交通,"00020001",鉄道情報,"000200010005",平常運転,"2025-09-24 11:50:00","00000017404824",,"3","04","",D,日豊本線[大分～宮崎] 平常運転,"11:50現在、ほぼ平常通り運転しています。","11:50現在、ほぼ平常通り運転しています。","3","1",日本,"07",九州,"0386",JR九州,"0388",日豊本線,"0520",日豊本線[大分～宮崎],"0","",,,"20250924125025",,,,,0,"2025-09-24 06:32:46",RTM512,RTM512,"2025-09-24 12:50:46",RTM512,RTM512,5
data,"00000017403789","0002",交通,"00020001",鉄道情報,"000200010005",平常運転,"2025-09-24 08:45:00","00000017404091",,"3","04","",D,鹿児島本線[門司港～大牟田] 平常運転,"08:45現在、ほぼ平常通り運転しています。","08:45現在、ほぼ平常通り運転しています。","3","1",日本,"07",九州,"0386",JR九州,"0386",鹿児島本線[門司港～八代],"0386",鹿児島本線[門司港～大牟田],"0","",,,"20250924094517",,,,,0,"2025-09-24 07:08:46",RTM512,RTM512,"2025-09-24 09:45:46",RTM512,RTM512,2
data,"00000017403813","0002",交通,"00020001",鉄道情報,"000200010005",平常運転,"2025-09-24 09:35:00","00000017404211",,"3","04","",D,東北本線[一ノ関～盛岡] 平常運転,"09:35現在、ほぼ平常通り運転しています。","09:35現在、ほぼ平常通り運転しています。","3","1",日本,"03",東北,"0001",JR東日本,"0016",東北本線[黒磯～盛岡],"0441",東北本線[一ノ関～盛岡],"0","",,,"20250924103516",,,,,0,"2025-09-24 07:17:46",RTM512,RTM512,"2025-09-24 10:35:46",RTM512,RTM512,5
data,"00000017403850","0002",交通,"00020001",鉄道情報,"000200010005",平常運転,"2025-09-24 11:30:00","00000017404772",,"3","04","",D,中央線(快速)[東京～高尾] 平常運転,"11:30現在、ほぼ平常通り運転しています。","11:30現在、ほぼ平常通り運転しています。","3","1",日本,"04",関東,"0001",JR東日本,"0038",中央線(快速)[東京～高尾],"0","","0","",,,"20250924123022",,,,,0,"2025-09-24 07:34:46",RTM512,RTM512,"2025-09-24 12:30:46",RTM512,RTM512,4
data,"00000017403886","0002",交通,"00020001",鉄道情報,"000200010005",平常運転,"2025-09-24 08:30:00","00000017404037",,"3","04","",D,山手線 平常運転,"08:30現在、ほぼ平常通り運転しています。","08:30現在、ほぼ平常通り運転しています。","3","1",日本,"04",関東,"0001",JR東日本,"0021",山手線,"0","","0","",,,"20250924093022",,,,,0,"2025-09-24 07:38:46",RTM512,RTM512,"2025-09-24 09:30:47",RTM512,RTM512,2
data,"00000017403923","0002",交通,"00020001",鉄道情報,"000200010005",平常運転,"2025-09-24 08:30:00","00000017404036",,"3","04","",D,青梅線[立川～青梅] 平常運転,"08:30現在、ほぼ平常通り運転しています。","08:30現在、ほぼ平常通り運転しています。","3","1",日本,"04",関東,"0001",JR東日本,"0043",青梅線,"0043",青梅線[立川～青梅],"0","",,,"20250924093020",,,,,0,"2025-09-24 08:04:46",RTM512,RTM512,"2025-09-24 09:30:47",RTM512,RTM512,2
data,"00000017403932","0002",交通,"00020001",鉄道情報,"000200010005",平常運転,"2025-09-24 08:30:00","00000017404038",,"3","04","",D,いわて銀河鉄道線 平常運転,"08:30現在、ほぼ平常通り運転しています。","08:30現在、ほぼ平常通り運転しています。","3","1",日本,"03",東北,"0554",IGRいわて銀河鉄道,"0554",いわて銀河鉄道線,"0","","0","",,,"20250924093023",,,,,0,"2025-09-24 08:14:46",RTM512,RTM512,"2025-09-24 09:30:47",RTM512,RTM512,2
data,"00000017403936","0002",交通,"00020001",鉄道情報,"000200010005",平常運転,"2025-09-24 10:30:00","00000017404528",,"3","04","",D,近鉄奈良線 平常運転,"10:30現在、ほぼ平常通り運転しています。","10:30現在、ほぼ平常通り運転しています。","3","1",日本,"06",近畿,"0230",近畿日本鉄道,"0285",近鉄奈良線,"0","","0","",,,"20250924113019",,,,,0,"2025-09-24 08:17:46",RTM512,RTM512,"2025-09-24 11:30:46",RTM512,RTM512,6
data,"00000017403937","0002",交通,"00020001",鉄道情報,"000200010005",平常運転,"2025-09-24 10:25:00","00000017404509",,"3","04","",D,宮崎空港線 平常運転,"10:25現在、ほぼ平常通り運転しています。","10:25現在、ほぼ平常通り運転しています。","3","1",日本,"07",九州,"0386",JR九州,"0533",宮崎空港線,"0","","0","",,,"20250924112515",,,,,0,"2025-09-24 08:20:46",RTM512,RTM512,"2025-09-24 11:25:46",RTM512,RTM512,2
data,"00000017403938","0002",交通,"00020001",鉄道情報,"000200010005",平常運転,"2025-09-24 11:50:00","00000017404823",,"3","04","",D,日豊本線[宮崎～鹿児島中央] 平常運転,"11:50現在、ほぼ平常通り運転しています。","11:50現在、ほぼ平常通り運転しています。","3","1",日本,"07",九州,"0386",JR九州,"0388",日豊本線,"0633",日豊本線[宮崎～鹿児島中央],"0","",,,"20250924125023",,,,,0,"2025-09-24 08:20:46",RTM512,RTM512,"2025-09-24 12:50:46",RTM512,RTM512,2
data,"00000017403941","0002",交通,"00020001",鉄道情報,"000200010005",平常運転,"2025-09-24 09:00:00","00000017404141",,"3","04","",D,中央本線[大月～塩尻] 平常運転,"09:00現在、ほぼ平常通り運転しています。","09:00現在、ほぼ平常通り運転しています。","3","1",日本,"05",中部,"0001",JR東日本,"0470",中央本線[大月～塩尻],"0","","0","",,,"20250924100024",,,,,0,"2025-09-24 08:21:47",RTM512,RTM512,"2025-09-24 10:00:47",RTM512,RTM512,2
data,"00000017403942","0002",交通,"00020001",鉄道情報,"000200010005",平常運転,"2025-09-24 09:00:00","00000017404142",,"3","04","",D,中央本線[高尾～大月] 平常運転,"09:00現在、ほぼ平常通り運転しています。","09:00現在、ほぼ平常通り運転しています。","3","1",日本,"04",関東,"0001",JR東日本,"0042",中央本線[高尾～大月],"0","","0","",,,"20250924100026",,,,,0,"2025-09-24 08:21:47",RTM512,RTM512,"2025-09-24 10:00:47",RTM512,RTM512,2
data,"00000017403955","0002",交通,"00020001",鉄道情報,"000200010005",平常運転,"2025-09-24 10:15:00","00000017404478",,"3","04","",D,JRゆめ咲線 平常運転,"10:15現在、ほぼ平常通り運転しています。","10:15現在、ほぼ平常通り運転しています。","3","1",日本,"06",近畿,"0008",JR西日本,"0264",JRゆめ咲線,"0","","0","",,,"20250924111519",,,,,0,"2025-09-24 08:29:46",RTM512,RTM512,"2025-09-24 11:15:47",RTM512,RTM512,2
data,"00000017403990","0002",交通,"00020001",鉄道情報,"000200010005",平常運転,"2025-09-24 10:00:00","00000017404454",,"3","04","",D,吉都線 平常運転,"10:00現在、ほぼ平常通り運転しています。","10:00現在、ほぼ平常通り運転しています。","3","1",日本,"07",九州,"0386",JR九州,"0532",吉都線,"0","","0","",,,"20250924110021",,,,,0,"2025-09-24 08:50:46",RTM512,RTM512,"2025-09-24 11:00:46",RTM512,RTM512,2
data,"00000017403994","0002",交通,"00020001",鉄道情報,"000200010005",平常運転,"2025-09-24 11:50:00","00000017404825",,"3","04","",D,日豊本線[小倉～大分] 平常運転,"11:50現在、ほぼ平常通り運転しています。","11:50現在、ほぼ平常通り運転しています。","3","1",日本,"07",九州,"0386",JR九州,"0388",日豊本線,"0519",日豊本線[小倉～大分],"0","",,,"20250924125027",,,,,0,"2025-09-24 08:51:47",RTM512,RTM512,"2025-09-24 12:50:46",RTM512,RTM512,2
data,"00000017404073","0002",交通,"00020001",鉄道情報,"000200010005",平常運転,"2025-09-24 10:20:00","00000017404493",,"3","04","",D,相鉄線 平常運転,"10:20現在、ほぼ平常通り運転しています。","10:20現在、ほぼ平常通り運転しています。","3","1",日本,"04",関東,"0125",相模鉄道,"0125",相鉄線,"0","","0","",,,"20250924112018",,,,,0,"2025-09-24 09:41:46",RTM512,RTM512,"2025-09-24 11:20:46",RTM512,RTM512,2
data,"00000017404139","0002",交通,"00020001",鉄道情報,"000200010005",平常運転,"2025-09-24 10:15:00","00000017404479",,"3","04","",D,大阪環状線 平常運転,"10:15現在、ほぼ平常通り運転しています。","10:15現在、ほぼ平常通り運転しています。","3","1",日本,"06",近畿,"0008",JR西日本,"0263",大阪環状線,"0","","0","",,,"20250924111521",,,,,0,"2025-09-24 09:57:46",RTM512,RTM512,"2025-09-24 11:15:47",RTM512,RTM512,2
data,"00000017404163","0002",交通,"00020001",鉄道情報,"000200010005",平常運転,"2025-09-24 10:50:00","00000017404610",,"3","04","",D,西武有楽町線 平常運転,"10:50現在、ほぼ平常通り運転しています。","10:50現在、ほぼ平常通り運転しています。","3","1",日本,"04",関東,"0084",西武鉄道,"0090",西武有楽町線,"0","","0","",,,"20250924115026",,,,,0,"2025-09-24 10:10:46",RTM512,RTM512,"2025-09-24 11:50:46",RTM512,RTM512,2
data,"00000017404164","0002",交通,"00020001",鉄道情報,"000200010005",平常運転,"2025-09-24 11:30:00","00000017404773",,"3","04","",D,西武池袋線・秩父線 平常運転,"11:30現在、ほぼ平常通り運転しています。","11:30現在、ほぼ平常通り運転しています。","3","1",日本,"04",関東,"0084",西武鉄道,"0084",西武池袋線・秩父線,"0","","0","",,,"20250924123022",,,,,0,"2025-09-24 10:10:46",RTM512,RTM512,"2025-09-24 12:30:46",RTM512,RTM512,2
data,"00000017404197","0002",交通,"00020001",鉄道情報,"000200010005",平常運転,"2025-09-24 11:00:00","00000017404649",,"3","04","",D,青梅線[立川～青梅] 平常運転,"11:00現在、ほぼ平常通り運転しています。","11:00現在、ほぼ平常通り運転しています。","3","1",日本,"04",関東,"0001",JR東日本,"0043",青梅線,"0043",青梅線[立川～青梅],"0","",,,"20250924120022",,,,,0,"2025-09-24 10:21:46",RTM512,RTM512,"2025-09-24 12:00:46",RTM512,RTM512,2
data,"00000017404417","0002",交通,"00020001",鉄道情報,"000200010005",平常運転,"2025-09-24 11:15:00","00000017404696",,"3","04","",D,伊予鉄松山市内線 平常運転,"11:15現在、ほぼ平常通り運転しています。","11:15現在、ほぼ平常通り運転しています。","3","1",日本,"09",四国,"0600",伊予鉄道,"0603",伊予鉄松山市内線,"0","","0","",,,"20250924121521",,,,,0,"2025-09-24 10:49:46",RTM512,RTM512,"2025-09-24 12:15:46",RTM512,RTM512,2
data,"00000017404464","0002",交通,"00020001",鉄道情報,"000200010005",平常運転,"2025-09-24 14:35:00","00000017405269",,"3","04","",D,常磐線[品川～水戸] 平常運転,"14:35現在、ほぼ平常通り運転しています。","14:35現在、ほぼ平常通り運転しています。","3","1",日本,"04",関東,"0001",JR東日本,"0059",常磐線[品川～いわき],"0059",常磐線[品川～水戸],"0","",,,"20250924153522",,,,,0,"2025-09-24 11:10:46",RTM512,RTM512,"2025-09-24 15:35:46",RTM512,RTM512,6
data,"00000017404523","0002",交通,"00020001",鉄道情報,"000200010005",平常運転,"2025-09-24 12:00:00","00000017404850",,"3","04","",D,成田線[千葉～成田空港・銚子] 平常運転,"12:00現在、ほぼ平常通り運転しています。","12:00現在、ほぼ平常通り運転しています。","3","1",日本,"04",関東,"0001",JR東日本,"0068",成田線[千葉～成田空港・銚子],"0","","0","",,,"20250924130019",,,,,0,"2025-09-24 11:27:46",RTM512,RTM512,"2025-09-24 13:00:46",RTM512,RTM512,2
data,"00000017404635","0002",交通,"00020001",鉄道情報,"000200010005",平常運転,"2025-09-24 14:00:00","00000017405146",,"3","04","",D,学園都市線 平常運転,"14:00現在、ほぼ平常通り運転しています。","14:00現在、ほぼ平常通り運転しています。","3","1",日本,"02",北海道,"0009",JR北海道,"0012",学園都市線,"0","","0","",,,"20250924150021",,,,,0,"2025-09-24 12:00:46",RTM512,RTM512,"2025-09-24 15:00:46",RTM512,RTM512,4
data,"00000017404791","0002",交通,"00020001",鉄道情報,"000200010005",平常運転,"2025-09-24 13:50:00","00000017405101",,"3","04","",D,山手線 平常運転,"13:50現在、ほぼ平常通り運転しています。","13:50現在、ほぼ平常通り運転しています。","3","1",日本,"04",関東,"0001",JR東日本,"0021",山手線,"0","","0","",,,"20250924145015",,,,,0,"2025-09-24 12:37:46",RTM512,RTM512,"2025-09-24 14:50:46",RTM512,RTM512,2
data,"00000017404830","0002",交通,"00020001",鉄道情報,"000200010005",平常運転,"2025-09-24 14:30:00","00000017405222",,"3","04","",D,大阪環状線 平常運転,"14:30現在、ほぼ平常通り運転しています。","14:30現在、ほぼ平常通り運転しています。","3","1",日本,"06",近畿,"0008",JR西日本,"0263",大阪環状線,"0","","0","",,,"20250924153018",,,,,0,"2025-09-24 12:57:46",RTM512,RTM512,"2025-09-24 15:30:46",RTM512,RTM512,2
data,"00000017404866","0002",交通,"00020001",鉄道情報,"000200010005",平常運転,"2025-09-24 15:05:00","00000017405404",,"3","04","",D,阪和線 平常運転,"15:05現在、ほぼ平常通り運転しています。","15:05現在、ほぼ平常通り運転しています。","3","1",日本,"06",近畿,"0008",JR西日本,"0274",阪和線,"0","","0","",,,"20250924160525",,,,,0,"2025-09-24 13:08:46",RTM512,RTM512,"2025-09-24 16:05:46",RTM512,RTM512,5
data,"00000017404914","0002",交通,"00020001",鉄道情報,"000200010005",平常運転,"2025-09-24 15:05:00","00000017405405",,"3","04","",D,関西空港線 平常運転,"15:05現在、ほぼ平常通り運転しています。","15:05現在、ほぼ平常通り運転しています。","3","1",日本,"06",近畿,"0008",JR西日本,"0282",関西空港線,"0","","0","",,,"20250924160526",,,,,0,"2025-09-24 13:30:46",RTM512,RTM512,"2025-09-24 16:05:46",RTM512,RTM512,3
data,"00000017404952","0002",交通,"00020001",鉄道情報,"000200010005",平常運転,"2025-09-24 20:10:00","00000017406688",,"3","04","",D,日豊本線[宮崎～鹿児島中央] 平常運転,"20:10現在、ほぼ平常通り運転しています。","20:10現在、ほぼ平常通り運転しています。","3","1",日本,"07",九州,"0386",JR九州,"0388",日豊本線,"0633",日豊本線[宮崎～鹿児島中央],"0","",,,"20250924211020",,,,,0,"2025-09-24 13:44:46",RTM512,RTM512,"2025-09-24 21:10:46",RTM512,RTM512,2
data,"00000017404961","0002",交通,"00020001",鉄道情報,"000200010005",平常運転,"2025-09-24 14:35:00","00000017405268",,"3","04","",D,常磐線(快速)[品川～取手] 平常運転,"14:35現在、ほぼ平常通り運転しています。","14:35現在、ほぼ平常通り運転しています。","3","1",日本,"04",関東,"0001",JR東日本,"0057",常磐線(快速)[品川～取手],"0","","0","",,,"20250924153521",,,,,0,"2025-09-24 13:47:46",RTM512,RTM512,"2025-09-24 15:35:46",RTM512,RTM512,2
data,"00000017405134","0002",交通,"00020001",鉄道情報,"000200010006",運転計画,"2025-09-25 05:00:00","00000017407565",,"3","04","",N,九頭竜線 運転計画,保守工事の影響で、10:15頃～16:05頃まで、列車が運休となります。,保守工事の影響で、10:15頃～16:05頃まで、列車が運休となります。,"3","1",日本,"05",中部,"0008",JR西日本,"0483",九頭竜線,"0","","0","",,,"20250925050021",,,,,0,"2025-09-24 15:00:46",RTM512,RTM512,"2025-09-25 05:00:48",RTM512,RTM512,1
data,"00000017405179","0002",交通,"00020001",鉄道情報,"000200010005",平常運転,"2025-09-24 17:20:00","00000017406237",,"3","04","",D,伯備線 平常運転,"17:20現在、ほぼ平常通り運転しています。","17:20現在、ほぼ平常通り運転しています。","3","1",日本,"08",中国,"0008",JR西日本,"0496",伯備線,"0","","0","",,,"20250924182030",,,,,0,"2025-09-24 15:19:46",RTM512,RTM512,"2025-09-24 18:20:46",RTM512,RTM512,4
data,"00000017405533","0002",交通,"00020001",鉄道情報,"000200010002",運転再開,"2025-09-25 10:30:00","00000017408356",,"3","04","",N,函館本線[函館～長万部] 運転再開,荒天予想の影響で、森～長万部駅間の運転を見合わせていましたが、10:30頃、運転を再開しました。なお、一部列車に運休が出ています。,荒天予想の影響で、森～長万部駅間の運転を見合わせていましたが、10:30頃、運転を再開しました。なお、一部列車に運休が出ています。,"3","1",日本,"02",北海道,"0009",JR北海道,"0009",函館本線,"0434",函館本線[函館～長万部],"0","",,,"20250925104006",,,,,0,"2025-09-24 16:30:46",RTM512,RTM512,"2025-09-25 10:40:46",RTM512,RTM512,4
data,"00000017405615","0002",交通,"00020001",鉄道情報,"000200010005",平常運転,"2025-09-24 18:25:00","00000017406483",,"3","04","",D,湘南モノレール線 平常運転,"18:25現在、ほぼ平常通り運転しています。","18:25現在、ほぼ平常通り運転しています。","3","1",日本,"04",関東,"0155",湘南モノレール,"0155",湘南モノレール線,"0","","0","",,,"20250924192518",,,,,0,"2025-09-24 16:37:46",RTM512,RTM512,"2025-09-24 19:25:47",RTM512,RTM512,2
data,"00000017405810","0002",交通,"00020001",鉄道情報,"000200010005",平常運転,"2025-09-24 17:55:00","00000017406390",,"3","04","",D,高山本線[岐阜～猪谷] 平常運転,"17:55現在、ほぼ平常通り運転しています。","17:55現在、ほぼ平常通り運転しています。","3","1",日本,"05",中部,"0007",JR東海,"0200",高山本線[岐阜～猪谷],"0","","0","",,,"20250924185524",,,,,0,"2025-09-24 16:48:46",RTM512,RTM512,"2025-09-24 18:55:46",RTM512,RTM512,2
data,"00000017405829","0002",交通,"00020001",鉄道情報,"000200010005",平常運転,"2025-09-24 19:55:00","00000017406665",,"3","04","",D,宇部線 平常運転,"19:55現在、ほぼ平常通り運転しています。","19:55現在、ほぼ平常通り運転しています。","3","1",日本,"08",中国,"0008",JR西日本,"0505",宇部線,"0","","0","",,,"20250924205515",,,,,0,"2025-09-24 16:54:46",RTM512,RTM512,"2025-09-24 20:55:46",RTM512,RTM512,4
data,"00000017405830","0002",交通,"00020001",鉄道情報,"000200010005",平常運転,"2025-09-24 17:30:00","00000017406295",,"3","04","",D,山陰本線[鳥取～益田] 平常運転,"17:30現在、ほぼ平常通り運転しています。","17:30現在、ほぼ平常通り運転しています。","3","1",日本,"08",中国,"0008",JR西日本,"0331",山陰本線[鳥取～下関],"0421",山陰本線[鳥取～益田],"0","",,,"20250924183020",,,,,0,"2025-09-24 16:55:46",RTM512,RTM512,"2025-09-24 18:30:46",RTM512,RTM512,2
data,"00000017406069","0002",交通,"00020001",鉄道情報,"000200010005",平常運転,"2025-09-24 21:30:00","00000017406831",,"3","04","",D,山口線 平常運転,"21:30現在、ほぼ平常通り運転しています。","21:30現在、ほぼ平常通り運転しています。","3","1",日本,"08",中国,"0008",JR西日本,"0507",山口線,"0","","0","",,,"20250924223014",,,,,0,"2025-09-24 17:55:47",RTM512,RTM512,"2025-09-24 22:30:46",RTM512,RTM512,2
data,"00000017406129","0002",交通,"00020001",鉄道情報,"000200010005",平常運転,"2025-09-24 19:30:00","00000017406616",,"3","04","",D,常磐線[品川～水戸] 平常運転,"19:30現在、ほぼ平常通り運転しています。","19:30現在、ほぼ平常通り運転しています。","3","1",日本,"04",関東,"0001",JR東日本,"0059",常磐線[品川～いわき],"0059",常磐線[品川～水戸],"0","",,,"20250924203017",,,,,0,"2025-09-24 18:01:47",RTM512,RTM512,"2025-09-24 20:30:46",RTM512,RTM512,2
data,"00000017406130","0002",交通,"00020001",鉄道情報,"000200010005",平常運転,"2025-09-24 19:10:00","00000017406581",,"3","04","",D,常磐線(快速)[品川～取手] 平常運転,"19:10現在、ほぼ平常通り運転しています。","19:10現在、ほぼ平常通り運転しています。","3","1",日本,"04",関東,"0001",JR東日本,"0057",常磐線(快速)[品川～取手],"0","","0","",,,"20250924201018",,,,,0,"2025-09-24 18:01:47",RTM512,RTM512,"2025-09-24 20:10:46",RTM512,RTM512,2
data,"00000017406318","0002",交通,"00020001",鉄道情報,"000200010005",平常運転,"2025-09-24 21:00:00","00000017406775",,"3","04","",D,呉線 平常運転,"21:00現在、ほぼ平常通り運転しています。","21:00現在、ほぼ平常通り運転しています。","3","1",日本,"08",中国,"0008",JR西日本,"0502",呉線,"0","","0","",,,"20250924220021",,,,,0,"2025-09-24 18:39:46",RTM512,RTM512,"2025-09-24 22:00:46",RTM512,RTM512,3
data,"00000017406361","0002",交通,"00020001",鉄道情報,"000200010005",平常運転,"2025-09-24 20:05:00","00000017406680",,"3","04","",D,山陽本線[三原～岩国] 平常運転,"20:05現在、ほぼ平常通り運転しています。","20:05現在、ほぼ平常通り運転しています。","3","1",日本,"08",中国,"0008",JR西日本,"0332",山陽本線[姫路～下関],"0418",山陽本線[三原～岩国],"0","",,,"20250924210517",,,,,0,"2025-09-24 18:49:46",RTM512,RTM512,"2025-09-24 21:05:47",RTM512,RTM512,2
data,"00000017406377","0002",交通,"00020001",鉄道情報,"000200010001",運転見合わせ,"2025-09-24 18:50:00","00000017407092",,"1","04","",D,日南線 運転見合わせ,大雨の影響で、終日、南郷～志布志駅間の運転を見合わせています。,大雨の影響で、終日、南郷～志布志駅間の運転を見合わせています。,"1","1",日本,"07",九州,"0386",JR九州,"0534",日南線,"0","","0","",,,"20250925020027",,,,,0,"2025-09-24 18:55:46",RTM512,RTM512,"2025-09-25 02:00:46",RTM512,RTM512,1
data,"00000017406437","0002",交通,"00020001",鉄道情報,"000200010005",平常運転,"2025-09-24 20:50:00","00000017406756",,"3","04","",D,小田急小田原線 平常運転,"20:50現在、ほぼ平常通り運転しています。","20:50現在、ほぼ平常通り運転しています。","3","1",日本,"04",関東,"0109",小田急電鉄,"0109",小田急小田原線,"0","","0","",,,"20250924215019",,,,,0,"2025-09-24 19:08:47",RTM512,RTM512,"2025-09-24 21:50:46",RTM512,RTM512,2
data,"00000017406438","0002",交通,"00020001",鉄道情報,"000200010005",平常運転,"2025-09-24 20:25:00","00000017406709",,"3","04","",D,小田急江ノ島線 平常運転,"20:25現在、ほぼ平常通り運転しています。","20:25現在、ほぼ平常通り運転しています。","3","1",日本,"04",関東,"0109",小田急電鉄,"0110",小田急江ノ島線,"0","","0","",,,"20250924212515",,,,,0,"2025-09-24 19:08:47",RTM512,RTM512,"2025-09-24 21:25:46",RTM512,RTM512,2
data,"00000017406538","0002",交通,"00020001",鉄道情報,"000200010005",平常運転,"2025-09-24 20:20:00","00000017406705",,"3","04","",D,中央本線[大月～塩尻] 平常運転,"20:20現在、ほぼ平常通り運転しています。","20:20現在、ほぼ平常通り運転しています。","3","1",日本,"05",中部,"0001",JR東日本,"0470",中央本線[大月～塩尻],"0","","0","",,,"20250924212022",,,,,0,"2025-09-24 19:48:46",RTM512,RTM512,"2025-09-24 21:20:46",RTM512,RTM512,3
data,"00000017406602","0002",交通,"00020001",鉄道情報,"000200010005",平常運転,"2025-09-24 22:45:00","00000017406979",,"3","04","",D,秋田新幹線 平常運転,"22:45現在、ほぼ平常通り運転しています。","22:45現在、ほぼ平常通り運転しています。","3","1",日本,"01",新幹線,"0001",JR東日本,"0006",秋田新幹線,"0","","0","",,,"20250924234519",,,,,0,"2025-09-24 20:21:46",RTM512,RTM512,"2025-09-24 23:45:47",RTM512,RTM512,4
data,"00000017406614","0002",交通,"00020001",鉄道情報,"000200010005",平常運転,"2025-09-24 21:40:00","00000017406845",,"3","04","",D,大阪メトロ千日前線 平常運転,"21:40現在、ほぼ平常通り運転しています。","21:40現在、ほぼ平常通り運転しています。","3","1",日本,"06",近畿,"0321",大阪メトロ,"0325",大阪メトロ千日前線,"0","","0","",,,"20250924224018",,,,,0,"2025-09-24 20:27:46",RTM512,RTM512,"2025-09-24 22:40:46",RTM512,RTM512,2
data,"00000017406626","0002",交通,"00020001",鉄道情報,"000200010005",平常運転,"2025-09-24 22:35:00","00000017406966",,"3","04","",D,奥羽本線[秋田～青森] 平常運転,"22:35現在、ほぼ平常通り運転しています。","22:35現在、ほぼ平常通り運転しています。","3","1",日本,"03",東北,"0001",JR東日本,"0456",奥羽本線[新庄～青森],"0457",奥羽本線[秋田～青森],"0","",,,"20250924233520",,,,,0,"2025-09-24 20:36:46",RTM512,RTM512,"2025-09-24 23:35:46",RTM512,RTM512,4
data,"00000017406643","0002",交通,"00020001",鉄道情報,"000200010005",平常運転,"2025-09-24 22:10:00","00000017406924",,"3","04","",D,東北本線[一ノ関～盛岡] 平常運転,"22:10現在、ほぼ平常通り運転しています。","22:10現在、ほぼ平常通り運転しています。","3","1",日本,"03",東北,"0001",JR東日本,"0016",東北本線[黒磯～盛岡],"0441",東北本線[一ノ関～盛岡],"0","",,,"20250924231021",,,,,0,"2025-09-24 20:42:46",RTM512,RTM512,"2025-09-24 23:10:46",RTM512,RTM512,2
data,"00000017406666","0002",交通,"00020001",鉄道情報,"000200010005",平常運転,"2025-09-24 21:10:00","00000017406792",,"3","04","",D,小海線 平常運転,"21:10現在、運転を再開し、ほぼ平常通り運転しています。","21:10現在、運転を再開し、ほぼ平常通り運転しています。","3","1",日本,"05",中部,"0001",JR東日本,"0471",小海線,"0","","0","",,,"20250924221016",,,,,0,"2025-09-24 20:58:46",RTM512,RTM512,"2025-09-24 22:10:46",RTM512,RTM512,2
data,"00000017406729","0002",交通,"00020001",鉄道情報,"000200010003",列車遅延,"2025-09-24 22:20:00","00000017407094",,"3","04","",D,高山本線[岐阜～猪谷] ダイヤ乱れ,高山駅での接続待ちの影響で、一部列車に遅れが出ています。,高山駅での接続待ちの影響で、一部列車に遅れが出ています。,"3","1",日本,"05",中部,"0007",JR東海,"0200",高山本線[岐阜～猪谷],"0","","0","",,,"20250925020031",,,,,0,"2025-09-24 21:35:46",RTM512,RTM512,"2025-09-25 02:00:46",RTM512,RTM512,2
data,"00000017406738","0002",交通,"00020001",鉄道情報,"000200010005",平常運転,"2025-09-24 21:55:00","00000017406869",,"3","04","",D,山陰本線[鳥取～益田] 平常運転,"21:55現在、ほぼ平常通り運転しています。","21:55現在、ほぼ平常通り運転しています。","3","1",日本,"08",中国,"0008",JR西日本,"0331",山陰本線[鳥取～下関],"0421",山陰本線[鳥取～益田],"0","",,,"20250924225522",,,,,0,"2025-09-24 21:43:46",RTM512,RTM512,"2025-09-24 22:55:46",RTM512,RTM512,2
data,"00000017406810","0002",交通,"00020001",鉄道情報,"000200010003",列車遅延,"2025-09-24 22:15:00","00000017407093",,"3","04","",D,東北新幹線 ダイヤ乱れ,秋田新幹線内で発生した動物支障の影響で、東京～盛岡駅間の上り線(東京方面行)の一部列車に遅れが出ています。,秋田新幹線内で発生した動物支障の影響で、東京～盛岡駅間の上り線(東京方面行)の一部列車に遅れが出ています。,"3","1",日本,"01",新幹線,"0001",JR東日本,"0001",東北新幹線,"0","","0","",,,"20250925020028",,,,,0,"2025-09-24 22:19:46",RTM512,RTM512,"2025-09-25 02:00:46",RTM512,RTM512,1
data,"00000017406837","0002",交通,"00020001",鉄道情報,"000200010002",運転再開,"2025-09-25 00:40:00","00000017407101",,"3","04","",D,高崎線 運転再開,上尾～北上尾駅間で発生した人身事故の影響で、運転を見合わせていましたが、00:40頃、運転を再開しました。なお、一部列車に遅れが出ています。,上尾～北上尾駅間で発生した人身事故の影響で、運転を見合わせていましたが、00:40頃、運転を再開しました。なお、一部列車に遅れが出ています。,"3","1",日本,"04",関東,"0001",JR東日本,"0048",高崎線,"0","","0","",,,"20250925020041",,,,,0,"2025-09-24 22:38:47",RTM512,RTM512,"2025-09-25 02:00:47",RTM512,RTM512,3
data,"00000017406838","0002",交通,"00020001",鉄道情報,"000200010004",運転状況,"2025-09-24 22:35:00","00000017407095",,"3","04","",D,湘南新宿ライン ダイヤ乱れ,高崎線内で発生した人身事故の影響で、一部列車に遅れや運転変更が出ています。,高崎線内で発生した人身事故の影響で、一部列車に遅れや運転変更が出ています。,"3","1",日本,"04",関東,"0001",JR東日本,"0025",湘南新宿ライン,"0","","0","",,,"20250925020033",,,,,0,"2025-09-24 22:38:47",RTM512,RTM512,"2025-09-25 02:00:47",RTM512,RTM512,1
data,"00000017406925","0002",交通,"00020001",鉄道情報,"000200010003",列車遅延,"2025-09-24 23:05:00","00000017407096",,"3","04","",D,福北ゆたか線 ダイヤ乱れ,"22:49頃、筑前山手～篠栗駅間で発生した動物支障の影響で、直方～博多駅間の一部列車に遅れが出ています。","22:49頃、筑前山手～篠栗駅間で発生した動物支障の影響で、直方～博多駅間の一部列車に遅れが出ています。","3","1",日本,"07",九州,"0386",JR九州,"0389",福北ゆたか線,"0","","0","",,,"20250925020034",,,,,0,"2025-09-24 23:11:46",RTM512,RTM512,"2025-09-25 02:00:47",RTM512,RTM512,1
data,"00000017406943","0002",交通,"00020001",鉄道情報,"000200010001",運転見合わせ,"2025-09-24 23:25:00","00000017407097",,"2","04","",D,指宿枕崎線 運転見合わせ,大雨の影響で、喜入～山川駅間の運転を見合わせています。,大雨の影響で、喜入～山川駅間の運転を見合わせています。,"2","1",日本,"07",九州,"0386",JR九州,"0535",指宿枕崎線,"0","","0","",,,"20250925020035",,,,,0,"2025-09-24 23:27:46",RTM512,RTM512,"2025-09-25 02:00:47",RTM512,RTM512,1
data,"00000017406967","0002",交通,"00020001",鉄道情報,"000200010003",列車遅延,"2025-09-25 00:10:00","00000017407098",,"3","04","",D,両毛線 ダイヤ乱れ,高崎線内で発生した人身事故の影響で、高崎～前橋駅間の一部列車に遅れが出ています。,高崎線内で発生した人身事故の影響で、高崎～前橋駅間の一部列車に遅れが出ています。,"3","1",日本,"04",関東,"0001",JR東日本,"0168",両毛線,"0","","0","",,,"20250925020036",,,,,0,"2025-09-24 23:36:46",RTM512,RTM512,"2025-09-25 02:00:47",RTM512,RTM512,2
data,"00000017407011","0002",交通,"00020001",鉄道情報,"000200010004",運転状況,"2025-09-25 00:10:00","00000017407099",,"3","04","",D,東急東横線 ダイヤ乱れ,東京メトロ副都心線内で発生したドア故障の影響で、一部列車に遅れや運休が出ています。,東京メトロ副都心線内で発生したドア故障の影響で、一部列車に遅れや運休が出ています。,"3","1",日本,"04",関東,"0112",東急電鉄,"0112",東急東横線,"0","","0","",,,"20250925020038",,,,,0,"2025-09-25 00:16:46",RTM512,RTM512,"2025-09-25 02:00:47",RTM512,RTM512,1
data,"00000017407014","0002",交通,"00020001",鉄道情報,"000200010003",列車遅延,"2025-09-25 00:25:00","00000017407100",,"3","04","",D,相鉄線 ダイヤ乱れ,東京メトロ副都心線内で発生したドア故障の影響で、一部列車に遅れが出ています。,東京メトロ副都心線内で発生したドア故障の影響で、一部列車に遅れが出ています。,"3","1",日本,"04",関東,"0125",相模鉄道,"0125",相鉄線,"0","","0","",,,"20250925020040",,,,,0,"2025-09-25 00:30:46",RTM512,RTM512,"2025-09-25 02:00:47",RTM512,RTM512,1
data,"00000017407310","0002",交通,"00020001",鉄道情報,"000200010005",平常運転,"2025-09-25 05:20:00","00000017407730",,"3","04","",D,京浜東北根岸線 平常運転,"05:20現在、ほぼ平常通り運転しています。","05:20現在、ほぼ平常通り運転しています。","3","1",日本,"04",関東,"0001",JR東日本,"0022",京浜東北根岸線,"0","","0","",,,"20250925062020",,,,,0,"2025-09-25 04:30:46",RTM512,RTM512,"2025-09-25 06:20:46",RTM512,RTM512,2
data,"00000017407489","0002",交通,"00020001",鉄道情報,"000200010004",運転状況,"2025-09-25 09:30:00","00000017408094",,"3","04","",N,呉線 ダイヤ乱れ,大雨の影響で、一部列車に遅れや運休が出ています。,大雨の影響で、一部列車に遅れや運休が出ています。,"3","1",日本,"08",中国,"0008",JR西日本,"0502",呉線,"0","","0","",,,"20250925093008",,,,,0,"2025-09-25 04:58:46",RTM512,RTM512,"2025-09-25 09:30:46",RTM512,RTM512,6
data,"00000017407597","0002",交通,"00020001",鉄道情報,"000200010005",平常運転,"2025-09-25 10:15:00","00000017408228",,"3","04","",N,岩徳線 平常運転,"10:15現在、ほぼ平常通り運転しています。","10:15現在、ほぼ平常通り運転しています。","3","1",日本,"08",中国,"0008",JR西日本,"0504",岩徳線,"0","","0","",,,"20250925101907",,,,,0,"2025-09-25 05:10:46",RTM512,RTM512,"2025-09-25 10:19:46",RTM512,RTM512,1
data,"00000017407635","0002",交通,"00020001",鉄道情報,"000200010005",平常運転,"2025-09-25 06:10:00","00000017407844",,"3","04","",D,中央線(快速)[東京～高尾] 平常運転,"06:10現在、ほぼ平常通り運転しています。","06:10現在、ほぼ平常通り運転しています。","3","1",日本,"04",関東,"0001",JR東日本,"0038",中央線(快速)[東京～高尾],"0","","0","",,,"20250925071019",,,,,0,"2025-09-25 05:21:46",RTM512,RTM512,"2025-09-25 07:10:46",RTM512,RTM512,2
data,"00000017407636","0002",交通,"00020001",鉄道情報,"000200010005",平常運転,"2025-09-25 05:20:00","00000017407731",,"3","04","",D,青梅線[立川～青梅] 平常運転,"05:20現在、ほぼ平常通り運転しています。","05:20現在、ほぼ平常通り運転しています。","3","1",日本,"04",関東,"0001",JR東日本,"0043",青梅線,"0043",青梅線[立川～青梅],"0","",,,"20250925062024",,,,,0,"2025-09-25 05:21:46",RTM512,RTM512,"2025-09-25 06:20:46",RTM512,RTM512,2
data,"00000017407664","0002",交通,"00020001",鉄道情報,"000200010005",平常運転,"2025-09-25 10:20:00","00000017408235",,"3","04","",N,大阪メトロ四つ橋線 平常運転,"10:20現在、ほぼ平常通り運転しています。","10:20現在、ほぼ平常通り運転しています。","3","1",日本,"06",近畿,"0321",大阪メトロ,"0323",大阪メトロ四つ橋線,"0","","0","",,,"20250925102307",,,,,0,"2025-09-25 05:36:46",RTM512,RTM512,"2025-09-25 10:23:46",RTM512,RTM512,1
data,"00000017407695","0002",交通,"00020001",鉄道情報,"000200010005",平常運転,"2025-09-25 08:20:00","00000017408068",,"3","04","",D,錦川鉄道線 平常運転,"08:20現在、ほぼ平常通り運転しています。","08:20現在、ほぼ平常通り運転しています。","3","1",日本,"08",中国,"0591",錦川鉄道,"0591",錦川鉄道線,"0","","0","",,,"20250925092013",,,,,0,"2025-09-25 06:02:46",RTM512,RTM512,"2025-09-25 09:20:46",RTM512,RTM512,2
data,"00000017407825","0002",交通,"00020001",鉄道情報,"000200010003",列車遅延,"2025-09-25 09:15:00","00000017408066",,"3","04","",N,阪急宝塚本線 ダイヤ乱れ,"06:50頃、庄内～服部天神駅間で発生した人身事故の影響で、列車に遅れが出ています。","06:50頃、庄内～服部天神駅間で発生した人身事故の影響で、列車に遅れが出ています。","3","1",日本,"06",近畿,"0306",阪急電鉄,"0311",阪急宝塚本線,"0","","0","",,,"20250925091912",,,,,0,"2025-09-25 07:04:46",RTM512,RTM512,"2025-09-25 09:19:49",RTM512,RTM512,3
data,"00000017407885","0002",交通,"00020001",鉄道情報,"000200010005",平常運転,"2025-09-25 08:30:00","00000017408095",,"3","04","",D,能勢電鉄線 平常運転,"08:30現在、ほぼ平常通り運転しています。","08:30現在、ほぼ平常通り運転しています。","3","1",日本,"06",近畿,"0370",能勢電鉄,"0370",能勢電鉄線,"0","","0","",,,"20250925093016",,,,,0,"2025-09-25 07:28:46",RTM512,RTM512,"2025-09-25 09:30:46",RTM512,RTM512,3
data,"00000017407902","0002",交通,"00020001",鉄道情報,"000200010005",平常運転,"2025-09-25 10:10:00","00000017408193",,"3","04","",N,山手線 平常運転,"10:10現在、ほぼ平常通り運転しています。","10:10現在、ほぼ平常通り運転しています。","3","1",日本,"04",関東,"0001",JR東日本,"0021",山手線,"0","","0","",,,"20250925101008",,,,,0,"2025-09-25 07:40:46",RTM512,RTM512,"2025-09-25 10:10:46",RTM512,RTM512,2
data,"00000017407903","0002",交通,"00020001",鉄道情報,"000200010004",運転状況,"2025-09-25 08:25:00","00000017407970",,"3","04","",N,京浜東北根岸線 ダイヤ乱れ,上野東京ライン内で発生した線路内立入の影響で、一部列車に遅れや運休が出ています。,上野東京ライン内で発生した線路内立入の影響で、一部列車に遅れや運休が出ています。,"3","1",日本,"04",関東,"0001",JR東日本,"0022",京浜東北根岸線,"0","","0","",,,"20250925082604",,,,,0,"2025-09-25 07:40:46",RTM512,RTM512,"2025-09-25 08:26:46",RTM512,RTM512,2
data,"00000017407904","0002",交通,"00020001",鉄道情報,"000200010004",運転状況,"2025-09-25 09:15:00","00000017408065",,"3","04","",N,高崎線 ダイヤ乱れ,上野東京ライン内で発生した線路内立入の影響で、列車に遅れが出ています。なお、東海道本線との直通運転を中止しています。,上野東京ライン内で発生した線路内立入の影響で、列車に遅れが出ています。なお、東海道本線との直通運転を中止しています。,"3","1",日本,"04",関東,"0001",JR東日本,"0048",高崎線,"0","","0","",,,"20250925091912",,,,,0,"2025-09-25 07:40:47",RTM512,RTM512,"2025-09-25 09:19:49",RTM512,RTM512,2
data,"00000017407905","0002",交通,"00020001",鉄道情報,"000200010004",運転状況,"2025-09-25 09:20:00","00000017408070",,"3","04","",N,京都丹後鉄道宮舞線・宮豊線 ダイヤ乱れ,峰山駅での信号関係点検の影響で、一部列車に遅れや運休が出ています。,峰山駅での信号関係点検の影響で、一部列車に遅れや運休が出ています。,"3","1",日本,"06",近畿,"0636",ウィラートレインズ,"0375",京都丹後鉄道宮舞線・宮豊線,"0","","0","",,,"20250925092207",,,,,0,"2025-09-25 07:44:46",RTM512,RTM512,"2025-09-25 09:22:46",RTM512,RTM512,1
data,"00000017407914","0002",交通,"00020001",鉄道情報,"000200010003",列車遅延,"2025-09-25 07:45:00","00000017407914",,"3","04","",N,常磐線[品川～水戸] ダイヤ乱れ,上野東京ライン内で発生した線路内立入の影響で、一部列車に遅れが出ています。,上野東京ライン内で発生した線路内立入の影響で、一部列車に遅れが出ています。,"3","1",日本,"04",関東,"0001",JR東日本,"0059",常磐線[品川～いわき],"0059",常磐線[品川～水戸],"0","",,,"20250925075107",,,,,0,"2025-09-25 07:51:47",RTM512,RTM512,,,,0
data,"00000017407916","0002",交通,"00020001",鉄道情報,"000200010003",列車遅延,"2025-09-25 07:45:00","00000017407916",,"3","04","",N,常磐線(快速)[品川～取手] ダイヤ乱れ,上野東京ライン内で発生した線路内立入の影響で、一部列車に遅れが出ています。,上野東京ライン内で発生した線路内立入の影響で、一部列車に遅れが出ています。,"3","1",日本,"04",関東,"0001",JR東日本,"0057",常磐線(快速)[品川～取手],"0","","0","",,,"20250925075113",,,,,0,"2025-09-25 07:51:47",RTM512,RTM512,,,,0
data,"00000017407917","0002",交通,"00020001",鉄道情報,"000200010004",運転状況,"2025-09-25 09:15:00","00000017408064",,"3","04","",N,宇都宮線[東京～宇都宮] ダイヤ乱れ,上野東京ライン内で発生した線路内立入の影響で、列車に遅れが出ています。なお、東海道本線との直通運転を中止しています。,上野東京ライン内で発生した線路内立入の影響で、列車に遅れが出ています。なお、東海道本線との直通運転を中止しています。,"3","1",日本,"04",関東,"0001",JR東日本,"0046",宇都宮線,"0046",宇都宮線[東京～宇都宮],"0","",,,"20250925091909",,,,,0,"2025-09-25 07:51:47",RTM512,RTM512,"2025-09-25 09:19:49",RTM512,RTM512,1
data,"00000017407918","0002",交通,"00020001",鉄道情報,"000200010004",運転状況,"2025-09-25 09:15:00","00000017408063",,"3","04","",N,東海道本線[東京～熱海] ダイヤ乱れ,上野東京ライン内で発生した線路内立入の影響で、列車に遅れが出ています。なお、宇都宮線・高崎線との直通運転を中止しています。,上野東京ライン内で発生した線路内立入の影響で、列車に遅れが出ています。なお、宇都宮線・高崎線との直通運転を中止しています。,"3","1",日本,"04",関東,"0001",JR東日本,"0027",東海道本線[東京～熱海],"0","","0","",,,"20250925091906",,,,,0,"2025-09-25 07:51:47",RTM512,RTM512,"2025-09-25 09:19:49",RTM512,RTM512,1
data,"00000017407919","0002",交通,"00020001",鉄道情報,"000200010005",平常運転,"2025-09-25 10:40:00","00000017408355",,"3","04","",N,成田線[我孫子～成田] 平常運転,"10:40現在、ほぼ平常通り運転しています。","10:40現在、ほぼ平常通り運転しています。","3","1",日本,"04",関東,"0001",JR東日本,"0067",成田線[我孫子～成田],"0","","0","",,,"20250925104005",,,,,0,"2025-09-25 07:51:47",RTM512,RTM512,"2025-09-25 10:40:46",RTM512,RTM512,3
data,"00000017407923","0002",交通,"00020001",鉄道情報,"000200010004",運転状況,"2025-09-25 09:30:00","00000017408098",,"3","04","",N,東海道本線[豊橋～米原] ダイヤ乱れ,愛知御津駅での信号関係点検の影響で、一部列車に遅れや運休が出ています。,愛知御津駅での信号関係点検の影響で、一部列車に遅れや運休が出ています。,"3","1",日本,"05",中部,"0007",JR東海,"0192",東海道本線[熱海～米原],"0193",東海道本線[豊橋～米原],"0","",,,"20250925093207",,,,,0,"2025-09-25 07:55:46",RTM512,RTM512,"2025-09-25 09:32:46",RTM512,RTM512,3
data,"00000017407933","0002",交通,"00020001",鉄道情報,"000200010003",列車遅延,"2025-09-25 08:00:00","00000017407933",,"3","04","",N,西鉄甘木線 ダイヤ乱れ,西鉄天神大牟田線内での安全確認の影響で、一部列車に遅れが出ています。,西鉄天神大牟田線内での安全確認の影響で、一部列車に遅れが出ています。,"3","1",日本,"07",九州,"0413",西日本鉄道,"0415",西鉄甘木線,"0","","0","",,,"20250925080203",,,,,0,"2025-09-25 08:02:46",RTM512,RTM512,,,,0
data,"00000017407934","0002",交通,"00020001",鉄道情報,"000200010003",列車遅延,"2025-09-25 08:00:00","00000017407934",,"3","04","",N,西鉄天神大牟田線 ダイヤ乱れ,安武駅での安全確認の影響で、一部列車に遅れが出ています。,安武駅での安全確認の影響で、一部列車に遅れが出ています。,"3","1",日本,"07",九州,"0413",西日本鉄道,"0413",西鉄天神大牟田線,"0","","0","",,,"20250925080204",,,,,0,"2025-09-25 08:02:46",RTM512,RTM512,,,,0
data,"00000017407936","0002",交通,"00020001",鉄道情報,"000200010003",列車遅延,"2025-09-25 08:00:00","00000017407936",,"3","04","",N,湘南新宿ライン ダイヤ乱れ,上野東京ライン内で発生した線路内立入の影響で、一部列車に遅れが出ています。,上野東京ライン内で発生した線路内立入の影響で、一部列車に遅れが出ています。,"3","1",日本,"04",関東,"0001",JR東日本,"0025",湘南新宿ライン,"0","","0","",,,"20250925080408",,,,,0,"2025-09-25 08:04:46",RTM512,RTM512,,,,0
data,"00000017407953","0002",交通,"00020001",鉄道情報,"000200010003",列車遅延,"2025-09-25 08:10:00","00000017407953",,"3","04","",N,中央線(快速)[東京～高尾] ダイヤ乱れ,上野東京ライン内で発生した線路内立入の影響で、一部列車に遅れが出ています。,上野東京ライン内で発生した線路内立入の影響で、一部列車に遅れが出ています。,"3","1",日本,"04",関東,"0001",JR東日本,"0038",中央線(快速)[東京～高尾],"0","","0","",,,"20250925081306",,,,,0,"2025-09-25 08:13:46",RTM512,RTM512,,,,0
data,"00000017407954","0002",交通,"00020001",鉄道情報,"000200010003",列車遅延,"2025-09-25 10:20:00","00000017408238",,"3","04","",N,青梅線[立川～青梅] ダイヤ乱れ,上野東京ライン内で発生した線路内立入の影響で、一部列車に遅れが出ています。,上野東京ライン内で発生した線路内立入の影響で、一部列車に遅れが出ています。,"3","1",日本,"04",関東,"0001",JR東日本,"0043",青梅線,"0043",青梅線[立川～青梅],"0","",,,"20250925102708",,,,,0,"2025-09-25 08:13:46",RTM512,RTM512,"2025-09-25 10:27:46",RTM512,RTM512,2
data,"00000017407978","0002",交通,"00020001",鉄道情報,"000200010005",平常運転,"2025-09-25 09:30:00","00000017408242",,"3","04","",D,横須賀線 平常運転,"09:30現在、ほぼ平常通り運転しています。","09:30現在、ほぼ平常通り運転しています。","3","1",日本,"04",関東,"0001",JR東日本,"0029",横須賀線,"0","","0","",,,"20250925103021",,,,,0,"2025-09-25 08:34:46",RTM512,RTM512,"2025-09-25 10:30:46",RTM512,RTM512,2
data,"00000017407979","0002",交通,"00020001",鉄道情報,"000200010005",平常運転,"2025-09-25 10:15:00","00000017408218",,"3","04","",N,総武線(快速)[東京～千葉] 平常運転,"10:15現在、ほぼ平常通り運転しています。","10:15現在、ほぼ平常通り運転しています。","3","1",日本,"04",関東,"0001",JR東日本,"0061",総武線(快速)[東京～千葉],"0","","0","",,,"20250925101711",,,,,0,"2025-09-25 08:34:47",RTM512,RTM512,"2025-09-25 10:17:47",RTM512,RTM512,1
data,"00000017407980","0002",交通,"00020001",鉄道情報,"000200010005",平常運転,"2025-09-25 10:00:00","00000017408171",,"3","04","",N,JR宝塚線 平常運転,"10:00現在、ほぼ平常通り運転しています。","10:00現在、ほぼ平常通り運転しています。","3","1",日本,"06",近畿,"0008",JR西日本,"0265",JR宝塚線,"0","","0","",,,"20250925100009",,,,,0,"2025-09-25 08:37:46",RTM512,RTM512,"2025-09-25 10:00:47",RTM512,RTM512,1
data,"00000017407982","0002",交通,"00020001",鉄道情報,"000200010003",列車遅延,"2025-09-25 08:35:00","00000017407982",,"3","04","",N,中央総武線(各停) ダイヤ乱れ,両国～錦糸町駅間での車両点検の影響で、一部列車に遅れが出ています。,両国～錦糸町駅間での車両点検の影響で、一部列車に遅れが出ています。,"3","1",日本,"04",関東,"0001",JR東日本,"0040",中央総武線(各停),"0","","0","",,,"20250925084006",,,,,0,"2025-09-25 08:40:46",RTM512,RTM512,,,,0
data,"00000017407983","0002",交通,"00020001",鉄道情報,"000200010005",平常運転,"2025-09-25 09:40:00","00000017408358",,"3","04","",D,福岡市営空港線 平常運転,"09:40現在、ほぼ平常通り運転しています。","09:40現在、ほぼ平常通り運転しています。","3","1",日本,"07",九州,"0397",福岡市交通局,"0397",福岡市営空港線,"0","","0","",,,"20250925104020",,,,,0,"2025-09-25 08:40:46",RTM512,RTM512,"2025-09-25 10:40:46",RTM512,RTM512,2
data,"00000017407984","0002",交通,"00020001",鉄道情報,"000200010005",平常運転,"2025-09-25 09:40:00","00000017408357",,"3","04","",D,福岡市営箱崎線 平常運転,"09:40現在、ほぼ平常通り運転しています。","09:40現在、ほぼ平常通り運転しています。","3","1",日本,"07",九州,"0397",福岡市交通局,"0398",福岡市営箱崎線,"0","","0","",,,"20250925104018",,,,,0,"2025-09-25 08:40:47",RTM512,RTM512,"2025-09-25 10:40:46",RTM512,RTM512,2
data,"00000017408020","0002",交通,"00020001",鉄道情報,"000200010004",運転状況,"2025-09-25 10:05:00","00000017408191",,"3","04","",N,埼京川越線[羽沢横浜国大～川越] ダイヤ乱れ,上野東京ライン内で発生した線路内立入の影響で、一部列車に遅れや運休が出ています。,上野東京ライン内で発生した線路内立入の影響で、一部列車に遅れや運休が出ています。,"3","1",日本,"04",関東,"0001",JR東日本,"0050",埼京川越線[羽沢横浜国大～川越],"0","","0","",,,"20250925100908",,,,,0,"2025-09-25 09:04:46",RTM512,RTM512,"2025-09-25 10:09:47",RTM512,RTM512,1
data,"00000017408021","0002",交通,"00020001",鉄道情報,"000200010003",列車遅延,"2025-09-25 09:00:00","00000017408021",,"3","04","",N,りんかい線 ダイヤ乱れ,JR上野東京ライン内で発生した線路内立入の影響で、列車に遅れが出ています。,JR上野東京ライン内で発生した線路内立入の影響で、列車に遅れが出ています。,"3","1",日本,"04",関東,"0144",東京臨海高速鉄道,"0144",りんかい線,"0","","0","",,,"20250925090405",,,,,0,"2025-09-25 09:04:46",RTM512,RTM512,,,,0
data,"00000017408029","0002",交通,"00020001",鉄道情報,"000200010004",運転状況,"2025-09-25 09:05:00","00000017408029",,"3","04","",N,北大阪急行線 ダイヤ乱れ,ダイヤが乱れています。,ダイヤが乱れています。,"3","1",日本,"06",近畿,"0349",北大阪急行電鉄,"0349",北大阪急行線,"0","","0","",,,"20250925090604",,,,,0,"2025-09-25 09:06:46",RTM512,RTM512,,,,0
data,"00000017408030","0002",交通,"00020001",鉄道情報,"000200010004",運転状況,"2025-09-25 09:05:00","00000017408030",,"3","04","",N,大阪メトロ御堂筋線 ダイヤ乱れ,ダイヤが乱れています。,ダイヤが乱れています。,"3","1",日本,"06",近畿,"0321",大阪メトロ,"0321",大阪メトロ御堂筋線,"0","","0","",,,"20250925090606",,,,,0,"2025-09-25 09:06:46",RTM512,RTM512,,,,0
data,"00000017408062","0002",交通,"00020001",鉄道情報,"000200010004",運転状況,"2025-09-25 09:15:00","00000017408062",,"3","04","",N,上野東京ライン ダイヤ乱れ,線路内立入の影響で、東海道本線と宇都宮線・高崎線との直通運転を中止しています。,線路内立入の影響で、東海道本線と宇都宮線・高崎線との直通運転を中止しています。,"3","1",日本,"04",関東,"0001",JR東日本,"0627",上野東京ライン,"0","","0","",,,"20250925091905",,,,,0,"2025-09-25 09:19:49",RTM512,RTM512,,,,0
data,"00000017408069","0002",交通,"00020001",鉄道情報,"000200010005",平常運転,"2025-09-25 10:15:00","00000017408227",,"3","04","",N,相鉄線 平常運転,"10:15現在、ほぼ平常通り運転しています。","10:15現在、ほぼ平常通り運転しています。","3","1",日本,"04",関東,"0125",相模鉄道,"0125",相鉄線,"0","","0","",,,"20250925101905",,,,,0,"2025-09-25 09:22:46",RTM512,RTM512,"2025-09-25 10:19:46",RTM512,RTM512,1
data,"00000017408129","0002",交通,"00020001",鉄道情報,"000200010003",列車遅延,"2025-09-25 10:00:00","00000017408170",,"3","04","",N,奥羽本線[新庄～秋田] ダイヤ乱れ,線路内点検の影響で、一部列車に遅れが出ています。,線路内点検の影響で、一部列車に遅れが出ています。,"3","1",日本,"03",東北,"0001",JR東日本,"0456",奥羽本線[新庄～青森],"0456",奥羽本線[新庄～秋田],"0","",,,"20250925100009",,,,,0,"2025-09-25 09:43:47",RTM512,RTM512,"2025-09-25 10:00:47",RTM512,RTM512,2
data,"00000017408130","0002",交通,"00020001",鉄道情報,"000200010001",運転見合わせ,"2025-09-25 10:10:00","00000017408206",,"2","04","",N,奈良線 運転見合わせ,"09:16頃、長池～山城青谷駅間で発生した信号関係故障の影響で、城陽～奈良駅間の運転を見合わせています。運転区間の一部列車に遅れが出ています。","09:16頃、長池～山城青谷駅間で発生した信号関係故障の影響で、城陽～奈良駅間の運転を見合わせています。運転区間の一部列車に遅れが出ています。振替輸送を行っています。","2","1",日本,"06",近畿,"0008",JR西日本,"0279",奈良線,"0","","0","",,,"20250925101404",,,,,0,"2025-09-25 09:43:47",RTM512,RTM512,"2025-09-25 10:14:46",RTM512,RTM512,2
data,"00000017408186","0002",交通,"00020001",鉄道情報,"000200010001",運転見合わせ,"2025-09-25 10:05:00","00000017408186",,"2","04","",N,筑豊電鉄線 運転見合わせ,森下～今池駅間で発生した線路支障の影響で、運転を見合わせています。,森下～今池駅間で発生した線路支障の影響で、運転を見合わせています。,"2","1",日本,"07",九州,"0605",筑豊電鉄,"0605",筑豊電鉄線,"0","","0","",,,"20250925100804",,,,,0,"2025-09-25 10:08:46",RTM512,RTM512,,,,0
data,"00000017408216","0002",交通,"00020001",鉄道情報,"000200010003",列車遅延,"2025-09-25 10:15:00","00000017408216",,"3","04","",N,長崎本線 ダイヤ乱れ,"10:02頃、鳥栖駅で発生した信号関係故障の影響で、鳥栖～肥前浜駅間の一部列車に遅れが出ています。","10:02頃、鳥栖駅で発生した信号関係故障の影響で、鳥栖～肥前浜駅間の一部列車に遅れが出ています。","3","1",日本,"07",九州,"0386",JR九州,"0525",長崎本線,"0","","0","",,,"20250925101707",,,,,0,"2025-09-25 10:17:47",RTM512,RTM512,,,,0
data,"00000017408217","0002",交通,"00020001",鉄道情報,"000200010003",列車遅延,"2025-09-25 10:15:00","00000017408217",,"3","04","",N,鹿児島本線[門司港～大牟田] ダイヤ乱れ,"10:02頃、鳥栖駅で発生した信号関係故障の影響で、一部列車に遅れが出ています。","10:02頃、鳥栖駅で発生した信号関係故障の影響で、一部列車に遅れが出ています。","3","1",日本,"07",九州,"0386",JR九州,"0386",鹿児島本線[門司港～八代],"0386",鹿児島本線[門司港～大牟田],"0","",,,"20250925101708",,,,,0,"2025-09-25 10:17:47",RTM512,RTM512,,,,0
data,"00000017408233","0002",交通,"00020001",鉄道情報,"000200010004",運転状況,"2025-09-25 10:20:00","00000017408233",,"3","04","",N,五能線 ダイヤ乱れ,大雨の影響で、東能代～深浦駅間の一部列車に遅れや運休が出ています。,大雨の影響で、東能代～深浦駅間の一部列車に遅れや運休が出ています。,"3","1",日本,"03",東北,"0001",JR東日本,"0466",五能線,"0","","0","",,,"20250925102305",,,,,0,"2025-09-25 10:23:46",RTM512,RTM512,,,,0
